,model,pooling,mv_window_size,mv_window_shift_frac,per_cls_precision_0,per_cls_precision_1,per_cls_precision_2,per_cls_precision_3,per_cls_recall_0,per_cls_recall_1,per_cls_recall_2,per_cls_recall_3,macro_precision,macro_recall,macro_f1,overall_accuracy
0,BERT,asymmetric-max,128,0.25,0.9990083762315204,0.8142543171109486,0.4984227129315078,0.5670391061294123,0.991508638681302,0.9820508936678415,0.8347169811257757,0.667763157872771,0.7196811281008473,0.8690099178369226,0.7873274487978219,0.9906526466295315
1,BERT,asymmetric-max,128,0.5,0.9986745712905771,0.8597719543903048,0.6369737644866567,0.646258503379379,0.994389563196169,0.9765222659792664,0.7879245282959403,0.6249999999794408,0.7854196983867294,0.8459590893627041,0.8145661004438514,0.9931548062315689
2,BERT,asymmetric-max,128,1.0,0.9977520906376522,0.8933456168939881,0.7430894308882676,0.7255813953150893,0.9962760776867282,0.9547106937284499,0.6898113207495109,0.5131578947199619,0.8399421334337492,0.7884889967211627,0.8134026840484111,0.994088151479948
3,BERT,asymmetric-max,256,0.25,0.9989332248058942,0.867973943992433,0.6081967213081519,0.6435045317026131,0.9943977476408135,0.978870039381264,0.8399999999936605,0.7006578947137941,0.779652105452273,0.8784814204323831,0.8261215085736677,0.9934070080327266
4,BERT,asymmetric-max,256,0.5,0.9985887497922918,0.8963014654564575,0.7238292010969434,0.6985294117390246,0.9960939737933878,0.9727355346857219,0.7932075471638249,0.6249999999794408,0.8293122070211794,0.846759263905594,0.8379449229419319,0.9947236205852273
5,BERT,asymmetric-max,256,1.0,0.9977235645866693,0.9174573055021766,0.794242167647805,0.7638190954390041,0.9972152427096855,0.9520599818229687,0.7079245282965441,0.4999999999835526,0.8683105332939137,0.7892999382031878,0.8269221966442561,0.9949698648635231
6,BERT,asymmetric-max,512,0.25,0.9988916574646665,0.8974555594277466,0.6830568720338682,0.6918238993493137,0.99578910323038,0.9750075734618486,0.8701886792387157,0.7236842105025104,0.8178069970688987,0.8911673916083637,0.8529126345965732,0.9947494365176293
7,BERT,asymmetric-max,512,0.5,0.9985366633464706,0.9146131805151041,0.7809859154874579,0.7451737451449739,0.9968899110350663,0.9669797031195342,0.8369811320691549,0.6348684210317478,0.8598273761235017,0.8589297918138757,0.8593783445965497,0.9954663251020226
8,BERT,asymmetric-max,512,1.0,0.9975552423174052,0.92934417667617,0.8463519313232074,0.7704081632259996,0.9976960788325504,0.9433504998478163,0.7441509433906103,0.4967105262994503,0.8859148783856955,0.7954770120926069,0.8382637268874276,0.9953015003028407
9,BERT,asymmetric-max,1024,0.25,0.9986356203618582,0.8957369232920377,0.7245355541273253,0.6011730205102295,0.9959159621223698,0.9675098455006305,0.8535849056539353,0.6743421052409756,0.8050202795728627,0.8728382046294778,0.8375586593751949,0.9946024842870335
10,BERT,asymmetric-max,1024,0.5,0.9981074764919291,0.9159645554903283,0.8217592592529186,0.6780303030046201,0.9970965682623402,0.9550893668578043,0.8037735848995943,0.5888157894543152,0.853465398559949,0.8361938273685134,0.8447413336053908,0.9952399392332668
11,BERT,asymmetric-max,1024,1.0,0.9969031514266763,0.9306318681311578,0.8720821661916707,0.7540983606145301,0.9978720443924073,0.9235837624955138,0.7049056603720385,0.45394736840612016,0.8884288865910088,0.77007720891652,0.8250302305609568,0.9948248984738812
12,BERT,gaussian,128,0.25,0.9981959660079656,0.9131584590087104,0.9476236663341647,0.8186528496985154,0.997415761603476,0.9675855801265013,0.7373584905604729,0.5197368420881665,0.919407735262339,0.8055241685946541,0.858706532816912,0.9956609375155144
13,BERT,gaussian,128,0.5,0.9981464565574271,0.9060946157118155,0.9314009661745759,0.8030303029897459,0.9971702282641407,0.9660708876090836,0.7275471698058299,0.5230263157722689,0.909668085358391,0.8034536503628308,0.8532681878859328,0.9953590896905067
14,BERT,gaussian,128,1.0,0.9977520906376522,0.8933456168939881,0.7430894308882676,0.7255813953150893,0.9962760776867282,0.9547106937284499,0.6898113207495109,0.5131578947199619,0.8399421334337492,0.7884889967211627,0.8134026840484111,0.994088151479948
15,BERT,gaussian,256,0.25,0.9981234549710845,0.9311530582375394,0.9516441005710674,0.8391959798573269,0.9979845805062693,0.9638745834588277,0.7426415094283575,0.5493421052450874,0.9300291484092545,0.8134606946596356,0.8678480758428693,0.9961474685492439
16,BERT,gaussian,256,0.5,0.9980822955147615,0.9266443050890136,0.9421965317828306,0.7884615384236316,0.9978229377245402,0.9624356255672807,0.7381132075415993,0.5394736841927804,0.9138461677025593,0.8094613637565501,0.8584923437936023,0.9959349835671661
17,BERT,gaussian,256,1.0,0.9977235645866693,0.9174573055021766,0.794242167647805,0.7638190954390041,0.9972152427096855,0.9520599818229687,0.7079245282965441,0.4999999999835526,0.8683105332939137,0.7892999382031878,0.8269221966442561,0.9949698648635231
18,BERT,gaussian,512,0.25,0.9979480486003359,0.9353713734503707,0.9448022079029917,0.8282828282409957,0.998093024397809,0.9547106937284499,0.7750943396167917,0.5394736841927804,0.9266011145486734,0.8168429354839577,0.8682671176917246,0.996091865002532
19,BERT,gaussian,512,0.5,0.9978620981716132,0.9328142380415774,0.9310661764620307,0.78974358970309,0.9979948110620749,0.9526658588299358,0.7645283018810225,0.5065789473517572,0.9128715255945778,0.8054419797811976,0.8557984818038108,0.9958952667480861
20,BERT,gaussian,512,1.0,0.9975552423174052,0.92934417667617,0.8463519313232074,0.7704081632259996,0.9976960788325504,0.9433504998478163,0.7441509433906103,0.4967105262994503,0.8859148783856955,0.7954770120926069,0.8382637268874276,0.9953015003028407
21,BERT,gaussian,1024,0.25,0.9974079071098368,0.9418560462104264,0.9432146294423176,0.8095238094809776,0.9983221888478553,0.9385034837920793,0.7396226415038519,0.503289473667655,0.9230005980608895,0.7949344469528604,0.854194071906659,0.9957741304498923
22,BERT,gaussian,1024,0.5,0.9972402458020868,0.9368732907923603,0.9317738791332186,0.7412935323014281,0.9981421310656761,0.9340351408656967,0.7215094339568189,0.49013157893124565,0.9017952370072734,0.7859545712048593,0.8398994698959,0.9954266082829426
23,BERT,gaussian,1024,1.0,0.9969031514266763,0.9306318681311578,0.8720821661916707,0.7540983606145301,0.9978720443924073,0.9235837624955138,0.7049056603720385,0.45394736840612016,0.8884288865910088,0.77007720891652,0.8250302305609568,0.9948248984738812
24,BERT,max,128,0.25,0.997902173757299,0.9217694486809603,0.9089147286733633,0.8242424241924701,0.9976346954977166,0.9610724023016047,0.7079245282965441,0.4473684210379155,0.9132071938260231,0.7785000117834453,0.8404903692488653,0.9955815038773544
25,BERT,max,128,0.5,0.9979671135058796,0.915376305364843,0.9167482859851445,0.7958115182829417,0.9974280382704427,0.9625870948190225,0.7064150943342913,0.4999999999835526,0.9064758057847022,0.7916075568518273,0.8451564976440226,0.9954484525334366
26,BERT,max,128,1.0,0.9977520906376522,0.8933456168939881,0.7430894308882676,0.7255813953150893,0.9962760776867282,0.9547106937284499,0.6898113207495109,0.5131578947199619,0.8399421334337492,0.7884889967211627,0.8134026840484111,0.994088151479948
27,BERT,max,256,0.25,0.997911159848421,0.9332153914190379,0.9361702127569037,0.8361581920431549,0.9980255027294919,0.9588003635254779,0.7305660377303355,0.48684210524714333,0.9258637390168794,0.7935585023081121,0.8546208373300286,0.9959846295910161
28,BERT,max,256,0.5,0.9979415405706598,0.9295619634595864,0.9321047526582726,0.821052631535734,0.9979068282821465,0.959481975158316,0.7252830188624507,0.5131578947199619,0.9201652220560632,0.7989574292557188,0.8552884059401019,0.9958893092252241
29,BERT,max,256,1.0,0.9977235645866693,0.9174573055021766,0.794242167647805,0.7638190954390041,0.9972152427096855,0.9520599818229687,0.7079245282965441,0.4999999999835526,0.8683105332939137,0.7892999382031878,0.8269221966442561,0.9949698648635231
30,BERT,max,512,0.25,0.9978502365557762,0.9383433981950806,0.9353647275998582,0.8595505617494634,0.9981748688442541,0.9531960012110321,0.7645283018810225,0.503289473667655,0.9327772310250446,0.804797161400991,0.864074041031331,0.9960819357977619
31,BERT,max,512,0.5,0.9978562194183768,0.9358774083158997,0.9338235294031818,0.8539325842216892,0.998109393287098,0.9528173280816776,0.7667924528244017,0.4999999999835526,0.9303724353397869,0.8044297935441825,0.8628295367673207,0.996012431364372
32,BERT,max,512,1.0,0.9975552423174052,0.92934417667617,0.8463519313232074,0.7704081632259996,0.9976960788325504,0.9433504998478163,0.7441509433906103,0.4967105262994503,0.8859148783856955,0.7954770120926069,0.8382637268874276,0.9953015003028407
33,BERT,max,1024,0.25,0.9973978614631869,0.9434951013891216,0.9450867051932074,0.8639455781725207,0.9983794799603668,0.9408512571940768,0.7403773584849783,0.4177631578809946,0.9374813115545091,0.774342813380104,0.8481384290193067,0.9958416490423282
34,BERT,max,1024,0.5,0.9973281818553293,0.9396401184413182,0.9300766283435817,0.811764705834602,0.9982423905125714,0.937291729778145,0.7328301886737145,0.45394736840612016,0.9197024086187079,0.7805779193426378,0.8444482671543123,0.9956172490145264
35,BERT,max,1024,1.0,0.9969031514266763,0.9306318681311578,0.8720821661916707,0.7540983606145301,0.9978720443924073,0.9235837624955138,0.7049056603720385,0.45394736840612016,0.8884288865910088,0.77007720891652,0.8250302305609568,0.9948248984738812
36,BERT,sum,128,0.25,0.9980434573500103,0.925764509333242,0.9475277497381682,0.821052631535734,0.9978086149464124,0.9652378067245037,0.7086792452776705,0.5131578947199619,0.9230970869892885,0.7962208904171371,0.8549776014997675,0.9959012242709482
37,BERT,sum,128,0.5,0.9979306957037681,0.9192240880132315,0.9342770475133035,0.7999999999578947,0.9975999116079775,0.9618297485603136,0.6973584905607747,0.4999999999835526,0.9128579577970495,0.7891970376781546,0.8465352691856428,0.9955715746725845
38,BERT,sum,128,1.0,0.9977520906376522,0.8933456168939881,0.7430894308882676,0.7255813953150893,0.9962760776867282,0.9547106937284499,0.6898113207495109,0.5131578947199619,0.8399421334337492,0.7884889967211627,0.8134026840484111,0.994088151479948
39,BERT,sum,256,0.25,0.9980480458975,0.9341119435867973,0.9536945812713922,0.825641025598685,0.9980664249527144,0.9631172372001188,0.7305660377303355,0.5296052631404735,0.9278738990885935,0.8053387407559105,0.862274802274637,0.9961633552768758
40,BERT,sum,256,0.5,0.9979274293371866,0.9307076199566972,0.95099999999049,0.8272251308467421,0.9979948110620749,0.9592547712807034,0.7177358490511869,0.5197368420881665,0.926715045032779,0.7986805683705329,0.8579473470836476,0.9959528561357521
41,BERT,sum,256,1.0,0.9977235645866693,0.9174573055021766,0.794242167647805,0.7638190954390041,0.9972152427096855,0.9520599818229687,0.7079245282965441,0.4999999999835526,0.8683105332939137,0.7892999382031878,0.8269221966442561,0.9949698648635231
42,BERT,sum,512,0.25,0.9979012911354915,0.9380998437609269,0.9474671669704742,0.8494623655457278,0.9981871455112209,0.9549378976060625,0.7622641509376433,0.5197368420881665,0.9332326668531552,0.8087815090357733,0.8665616281348688,0.9961434968673359
43,BERT,sum,512,0.5,0.9978155041930661,0.936880542513647,0.9443920829317212,0.8432432431976625,0.9981584999549651,0.9521357164488395,0.7562264150886323,0.5131578947199619,0.9305828432090243,0.8049196315530996,0.8632017595619994,0.9960223605691421
44,BERT,sum,512,1.0,0.9975552423174052,0.92934417667617,0.8463519313232074,0.7704081632259996,0.9976960788325504,0.9433504998478163,0.7441509433906103,0.4967105262994503,0.8859148783856955,0.7954770120926069,0.8382637268874276,0.9953015003028407
45,BERT,sum,1024,0.25,0.9973876249463216,0.9422070534691375,0.9601593625402375,0.843373493925098,0.9983631110710778,0.9408512571940768,0.7275471698058299,0.4605263157743248,0.9357818837201985,0.7818219634613273,0.8519017078853055,0.9958178189508802
46,BERT,sum,1024,0.5,0.9972671396538445,0.940103374885269,0.9423459244439131,0.8197674418128041,0.998285358846955,0.9366858527711779,0.7154716981078079,0.4638157894584271,0.9248709701989577,0.7785646747960919,0.8454347706410902,0.9956033481278485
47,BERT,sum,1024,1.0,0.9969031514266763,0.9306318681311578,0.8720821661916707,0.7540983606145301,0.9978720443924073,0.9235837624955138,0.7049056603720385,0.45394736840612016,0.8884288865910088,0.77007720891652,0.8250302305609568,0.9948248984738812
48,BERT,asymmetric-max,128,0.25,0.9992257703173312,0.8491850494201418,0.5154013015162022,0.6784660766761514,0.9929122709378352,0.9825053014230668,0.8966037735781389,0.7565789473435336,0.7605695494824566,0.9071500733206437,0.8274181211368142,0.9922433052336839
49,BERT,asymmetric-max,128,0.5,0.9989177844768607,0.8850456385966062,0.6538901601793257,0.7234042552934963,0.9953041748851927,0.9766737352310082,0.8626415094274519,0.6710526315568732,0.8153144596365722,0.8764180127751315,0.8447627339789043,0.9942708488477158
50,BERT,asymmetric-max,128,1.0,0.9981250461054032,0.9077983627740142,0.7457020057253174,0.7445887445565113,0.9966546082515366,0.957437140259802,0.7856603773525611,0.5657894736655991,0.8490535397903115,0.8263853998823747,0.8375661185843098,0.9948109975872033
51,BERT,asymmetric-max,256,0.25,0.9991290987815393,0.8918527708844142,0.6373390557905723,0.645161290303661,0.9952857598847427,0.9799303241434565,0.8966037735781389,0.7236842105025104,0.7933705539400466,0.8988760170272122,0.8428343381786391,0.9944595037383456
52,BERT,asymmetric-max,256,0.5,0.9988371520684952,0.9094251573210002,0.7469095640810222,0.7093425605290885,0.99651547269258,0.9740987579513979,0.8664150943330837,0.6743421052409756,0.8411286084999015,0.8778428575545093,0.8590936516889935,0.9953908631457706
53,BERT,asymmetric-max,256,1.0,0.9980854287820256,0.9230600453441651,0.8101460415003064,0.7316017315700605,0.9973257327123863,0.9558467131165133,0.7954716981072041,0.555921052613292,0.8657233117991394,0.8261412991373489,0.8454692800507209,0.9954405091696206
54,BERT,asymmetric-max,512,0.25,0.9991480801009781,0.903792331373563,0.6965517241339279,0.5904522612916971,0.9958832243437917,0.9782641623742969,0.914716981125172,0.7730263157640451,0.7974860992250415,0.9154726709018264,0.852415992415831,0.995073128593131
55,BERT,asymmetric-max,512,0.5,0.9988354379511704,0.9163451921696554,0.7798408488011948,0.6614906832092705,0.9968019282551378,0.9714480460459167,0.8875471698046223,0.7006578947137941,0.8391280405328227,0.8891137597048678,0.863398029803834,0.9956708667202844
56,BERT,asymmetric-max,512,1.0,0.9980409095747526,0.9283498301071588,0.841900311519923,0.7131474103301535,0.9975508049401104,0.951832777945356,0.8158490565976163,0.5888157894543152,0.870359615382997,0.8385121072343494,0.8541390921467062,0.9956271782192965
57,BERT,asymmetric-max,1024,0.25,0.9989268096492535,0.9052393729692803,0.7460716530437079,0.4916666666564236,0.996065328237132,0.9709179036648206,0.8958490565970125,0.7763157894481475,0.7854761255796663,0.9097870194867782,0.8430738095539368,0.995009581682603
58,BERT,asymmetric-max,1024,0.5,0.9985492219485301,0.9206659428151135,0.8282828282768523,0.585714285697551,0.9970822454842122,0.9632687064518606,0.8664150943330837,0.6743421052409756,0.8333030696845116,0.8752770378775331,0.8537744703812272,0.9956569658336064
59,BERT,asymmetric-max,1024,1.0,0.9976268509539445,0.931474941768028,0.8741721854232272,0.7195121950927027,0.9977697388343509,0.9388821569214337,0.7969811320694568,0.5822368420861106,0.8806965433094757,0.828967467477838,0.8540494205259578,0.9954464666924826
60,BERT,gaussian,128,0.25,0.9986255520323599,0.9194924367331568,0.9292929292851071,0.8103448275512782,0.997530343828499,0.9713723114200459,0.8332075471635231,0.6184210526112361,0.9144389364004756,0.8551328137558261,0.883792065740193,0.9961832136864158
61,BERT,gaussian,128,0.5,0.9985290743411359,0.913012477717709,0.9128595600599589,0.7913043477916823,0.9972950410449695,0.9697818842767572,0.8143396226353635,0.5986842105066222,0.9039263649776216,0.8450251896159281,0.8734839356646966,0.9958515782470981
62,BERT,gaussian,128,1.0,0.9981250461054032,0.9077983627740142,0.7457020057253174,0.7445887445565113,0.9966546082515366,0.957437140259802,0.7856603773525611,0.5657894736655991,0.8490535397903115,0.8263853998823747,0.8375661185843098,0.9948109975872033
63,BERT,gaussian,256,0.25,0.9984094165813511,0.9310697334786922,0.9515570934173742,0.8177570093075814,0.9979354738384022,0.9656922144797291,0.8301886792390175,0.575657894717906,0.9246983131962496,0.8423685655687637,0.8816155139609592,0.9963937128275396
64,BERT,gaussian,256,0.5,0.99835192619903,0.9267351248991866,0.9365351629422254,0.794520547908926,0.9977738310566732,0.9637231142070859,0.8241509433900065,0.5723684210338037,0.914035690487342,0.8395040774218924,0.8751859510003963,0.9961673269587838
65,BERT,gaussian,256,1.0,0.9980854287820256,0.9230600453441651,0.8101460415003064,0.7316017315700605,0.9973257327123863,0.9558467131165133,0.7954716981072041,0.555921052613292,0.8657233117991394,0.8261412991373489,0.8454692800507209,0.9954405091696206
66,BERT,gaussian,512,0.25,0.9984276632988156,0.9304182231004684,0.928051738068488,0.8043478260519848,0.9978413527249904,0.9620569524379263,0.8664150943330837,0.6085526315589291,0.9153113626299393,0.8587165077637324,0.8861111885790953,0.9963222225531957
67,BERT,gaussian,512,0.5,0.9983866179375941,0.9280438756848789,0.9135004041963339,0.768907562992903,0.9977390471669341,0.9611481369274756,0.8528301886728089,0.6019736841907245,0.9022096152029274,0.8534227642394858,0.8771383216214933,0.9961593835949679
68,BERT,gaussian,512,1.0,0.9980409095747526,0.9283498301071588,0.841900311519923,0.7131474103301535,0.9975508049401104,0.951832777945356,0.8158490565976163,0.5888157894543152,0.870359615382997,0.8385121072343494,0.8541390921467062,0.9956271782192965
69,BERT,gaussian,1024,0.25,0.9980664447340595,0.9370243247269534,0.9407281964357264,0.7755102040499792,0.99807665550852,0.9510754316866471,0.8384905660314077,0.6249999999794408,0.9128322924866796,0.853160663301504,0.8819883422280606,0.9961991004140478
70,BERT,gaussian,1024,0.5,0.9979558973078615,0.9338059701485568,0.9230125522935314,0.7287449392417512,0.9979375199495634,0.947667373522457,0.8324528301823967,0.5921052631384176,0.8958798397479253,0.8425407466982087,0.8683919998142716,0.995938955249074
71,BERT,gaussian,1024,1.0,0.9976268509539445,0.931474941768028,0.8741721854232272,0.7195121950927027,0.9977697388343509,0.9388821569214337,0.7969811320694568,0.5822368420861106,0.8806965433094757,0.828967467477838,0.8540494205259578,0.9954464666924826
72,BERT,max,128,0.25,0.9980599214145178,0.9289280469890389,0.9315068493065617,0.7999999999619047,0.9978720443924073,0.9581944865185108,0.7698113207489071,0.5526315789291897,0.9146237044180059,0.8196273576472538,0.8645237384238028,0.9959627853405221
73,BERT,max,128,0.5,0.9982556889721258,0.9245927865031088,0.9115586689937692,0.774336283151578,0.9976694793874558,0.962965767948377,0.7856603773525611,0.575657894717906,0.9021858569051455,0.830488379851575,0.8648537046460294,0.9959468986128901
74,BERT,max,128,1.0,0.9981250461054032,0.9077983627740142,0.7457020057253174,0.7445887445565113,0.9966546082515366,0.957437140259802,0.7856603773525611,0.5657894736655991,0.8490535397903115,0.8263853998823747,0.8375661185843098,0.9948109975872033
75,BERT,max,256,0.25,0.9981541924591805,0.9340862119863196,0.9417989417906368,0.826923076883321,0.9980377793964587,0.9584216903961236,0.8060377358429733,0.5657894736655991,0.9252406057798644,0.8320716698252886,0.8761863240218569,0.9962328597102658
76,BERT,max,256,0.5,0.9982765749280337,0.9316295806705356,0.9371231696732376,0.7955555555201975,0.9979293355049189,0.9607694637981211,0.8211320754655009,0.5888157894543152,0.9156462201980011,0.842161666055714,0.8773679398789832,0.9962427889150358
77,BERT,max,256,1.0,0.9980854287820256,0.9230600453441651,0.8101460415003064,0.7316017315700605,0.9973257327123863,0.9558467131165133,0.7954716981072041,0.555921052613292,0.8657233117991394,0.8261412991373489,0.8454692800507209,0.9954405091696206
78,BERT,max,512,0.25,0.9982073205171553,0.9358898430552739,0.9378673383632422,0.8160377358105643,0.9980480099522643,0.957437140259802,0.8430188679181659,0.5690789473497013,0.9220005594365589,0.8418957413699835,0.8801292227607761,0.9963162650303338
79,BERT,max,512,0.5,0.9982704486189993,0.9331219584125253,0.9237779618813275,0.7913043477916823,0.99793138161608,0.9584216903961236,0.8415094339559132,0.5986842105066222,0.9116186791761337,0.8491366791186847,0.8792690589469456,0.9962427889150358
80,BERT,max,512,1.0,0.9980409095747526,0.9283498301071588,0.841900311519923,0.7131474103301535,0.9975508049401104,0.951832777945356,0.8158490565976163,0.5888157894543152,0.870359615382997,0.8385121072343494,0.8541390921467062,0.9956271782192965
81,BERT,max,1024,0.25,0.9979012739635035,0.9382854578089929,0.9465240641626871,0.8212560386076687,0.9981789610665763,0.9499394122985837,0.8015094339562151,0.5592105262973944,0.925991708635713,0.8272095834046924,0.873817758001065,0.9961315818216119
82,BERT,max,1024,0.5,0.997935731485496,0.9352169375272587,0.9354838709595861,0.7962085307679522,0.998060286619231,0.9500908815503255,0.8098113207486053,0.5526315789291897,0.9162112676850733,0.8276485169618379,0.8696810365730275,0.996038247296774
83,BERT,max,1024,1.0,0.9976268509539445,0.931474941768028,0.8741721854232272,0.7195121950927027,0.9977697388343509,0.9388821569214337,0.7969811320694568,0.5822368420861106,0.8806965433094757,0.828967467477838,0.8540494205259578,0.9954464666924826
84,BERT,sum,128,0.25,0.9984889558643869,0.9279142215453684,0.9344405594323913,0.8317757008957114,0.997818845502218,0.9700090881543698,0.8067924528240997,0.585526315770213,0.9231548594344645,0.8400366755627251,0.8796366354514688,0.9963381092808277
85,BERT,sum,128,0.5,0.9983455336575173,0.9245488149591037,0.8914334181434146,0.8037383177194515,0.9976162804972665,0.9660708876090836,0.7932075471638249,0.5657894736655991,0.9045165211198718,0.8306710472339434,0.8660224349368194,0.995990587113878
86,BERT,sum,128,1.0,0.9981250461054032,0.9077983627740142,0.7457020057253174,0.7445887445565113,0.9966546082515366,0.957437140259802,0.7856603773525611,0.5657894736655991,0.8490535397903115,0.8263853998823747,0.8375661185843098,0.9948109975872033
87,BERT,sum,256,0.25,0.9984197134604591,0.9331282502007374,0.9448217317407062,0.8093023255437534,0.9979845805062693,0.9648591335951493,0.8399999999936605,0.5723684210338037,0.921418005236414,0.8438030337822208,0.8809041888915755,0.9964433588513896
88,BERT,sum,256,0.5,0.9983071802576484,0.9317664340793743,0.9246231155701456,0.819819819782891,0.9979027360598243,0.9607694637981211,0.8332075471635231,0.5986842105066222,0.9186291374225148,0.8476409893820227,0.8817085163753126,0.9962547039607598
89,BERT,sum,256,1.0,0.9980854287820256,0.9230600453441651,0.8101460415003064,0.7316017315700605,0.9973257327123863,0.9558467131165133,0.7954716981072041,0.555921052613292,0.8657233117991394,0.8261412991373489,0.8454692800507209,0.9954405091696206
90,BERT,sum,512,0.25,0.9983850367204373,0.9355670103085894,0.9377076411882251,0.8133333332971852,0.9980255027294919,0.962208421689668,0.8520754716916825,0.6019736841907245,0.9212482553786092,0.8535707700753918,0.8861191671555193,0.9964632172609296
91,BERT,sum,512,0.5,0.9982704875587471,0.9339580873664891,0.9214226633505259,0.8193832598757981,0.9979538888388524,0.9585731596478653,0.8407547169747869,0.6118421052430315,0.91825862453789,0.852280967676134,0.884040490390009,0.9962745623702998
92,BERT,sum,512,1.0,0.9980409095747526,0.9283498301071588,0.841900311519923,0.7131474103301535,0.9975508049401104,0.951832777945356,0.8158490565976163,0.5888157894543152,0.870359615382997,0.8385121072343494,0.8541390921467062,0.9956271782192965
93,BERT,sum,1024,0.25,0.9980360065466244,0.938115120786655,0.953427065017984,0.818604651124716,0.9981748688442541,0.9528930627075485,0.8188679245221219,0.5789473684020083,0.9270457108689949,0.8372208061189832,0.8798466053629032,0.9962626473245758
94,BERT,sum,1024,0.5,0.9979214402618454,0.935416511297684,0.9339130434701399,0.7961165048157225,0.998060286619231,0.9499394122985837,0.8105660377297317,0.5394736841927804,0.915841874961348,0.8245098552100817,0.867779350909063,0.996028318092004
95,BERT,sum,1024,1.0,0.9976268509539445,0.931474941768028,0.8741721854232272,0.7195121950927027,0.9977697388343509,0.9388821569214337,0.7969811320694568,0.5822368420861106,0.8806965433094757,0.828967467477838,0.8540494205259578,0.9954464666924826
96,BERT,asymmetric-max,128,0.25,0.9991723677898514,0.8587121964126406,0.4905103331906769,0.6305555555380401,0.9930207148293749,0.9827325053006795,0.8777358490499795,0.7467105262912266,0.7447376132328023,0.9000498988678152,0.8150609175550848,0.9922989087803957
97,BERT,asymmetric-max,128,0.5,0.9988624183261328,0.8882312456979433,0.6326297775206353,0.7112676056087581,0.9953184976633207,0.9774310814897171,0.8369811320691549,0.6644736841886686,0.8077477617883674,0.8685510988527153,0.8370466846747916,0.9942331178695898
98,BERT,asymmetric-max,128,1.0,0.9980108573184268,0.9141764111441358,0.7319434102700526,0.7339449540947731,0.996822389366749,0.9591790366548324,0.7418867924472311,0.5263157894563711,0.8445189082068472,0.806051001981296,0.8248366868029263,0.9948805020205932
99,BERT,asymmetric-max,256,0.25,0.9991103477040396,0.8876011521047266,0.6113989637274021,0.6416184970912827,0.994970658765929,0.9802332626469401,0.8905660377291279,0.730263157870715,0.7849322401568627,0.899008279253178,0.8381062991588992,0.9941497125495219
100,BERT,asymmetric-max,256,0.5,0.9987980670620944,0.9072899041166755,0.7332041343621887,0.6877192982214835,0.9963783832447846,0.9746289003324942,0.8566037735784408,0.6447368420840547,0.8317528509406105,0.8680869748099436,0.8495315864200473,0.9952280241875429
101,BERT,asymmetric-max,256,1.0,0.9980119528519366,0.9253862488094563,0.8110671936694778,0.7187499999679129,0.9973727932690923,0.9571342017563184,0.7743396226356655,0.5296052631404735,0.8633038488246958,0.8146129702003875,0.8382519327672809,0.9954484525334366
102,BERT,asymmetric-max,512,0.25,0.9989985409069156,0.9072092368340557,0.6952941176429689,0.6021505376182218,0.9960489593478431,0.9759163889722993,0.8920754716913807,0.7368421052389197,0.8009131082505405,0.9002207313126107,0.847668258687944,0.995091001161717
103,BERT,asymmetric-max,512,0.5,0.9986761074279186,0.9223566695470165,0.7896193771571653,0.690391459050164,0.9970883838176956,0.969857618902628,0.8611320754651991,0.63815789471585,0.8502609032955661,0.8665589932253431,0.8583325828645418,0.9957999463822942
104,BERT,asymmetric-max,512,1.0,0.9979475531272497,0.9367182846925723,0.8534201954327898,0.7318181817849173,0.997851583280796,0.9528930627075485,0.7909433962204457,0.5296052631404735,0.8799760537593824,0.8178233263373159,0.8477620472483434,0.9958456207242362
105,BERT,asymmetric-max,1024,0.25,0.9987833626379283,0.905807365438452,0.7329153604969724,0.5215419501015524,0.99607965101526,0.9686458648886938,0.8822641509367377,0.7565789473435336,0.7897620096687263,0.9008921535460563,0.841674671203064,0.9949162471577652
106,BERT,asymmetric-max,1024,0.5,0.9983591411814389,0.9227017978012062,0.8302308265016365,0.5925925925743026,0.9971886432645909,0.9600878521652831,0.8415094339559132,0.6315789473476454,0.835971089514646,0.8575912191833581,0.8466431473393532,0.9955854755592625
107,BERT,asymmetric-max,1024,1.0,0.9974966867913211,0.9361927055795995,0.8794449262716441,0.6958525345301451,0.9979457043942079,0.9389578915473046,0.7652830188621489,0.4967105262994503,0.8772467132931774,0.799724285275778,0.8366936544688207,0.9954841976706086
108,BERT,gaussian,128,0.25,0.9985011395025298,0.92505229748184,0.9463636363550332,0.822510822475216,0.9977636005008675,0.9712208421683041,0.7856603773525611,0.6249999999794408,0.9231069739536548,0.8449112050002934,0.8822798663274072,0.9962844915750697
109,BERT,gaussian,128,0.5,0.9984271802905825,0.9188083273503813,0.9382379654774002,0.7907949790464103,0.9975344360508214,0.9693274765215318,0.7796226415035501,0.6217105262953384,0.9115671130411935,0.8420487700928103,0.8754299837253302,0.995994558795786
110,BERT,gaussian,128,1.0,0.9980108573184268,0.9141764111441358,0.7319434102700526,0.7339449540947731,0.996822389366749,0.9591790366548324,0.7418867924472311,0.5263157894563711,0.8445189082068472,0.806051001981296,0.8248366868029263,0.9948805020205932
111,BERT,gaussian,256,0.25,0.998438235595108,0.9341575828510248,0.9598953792418493,0.844221105485215,0.9980664249527144,0.967055437745405,0.8309433962201439,0.5526315789291897,0.9341780757932993,0.8371742094618633,0.883020045412483,0.9965446367400435
112,BERT,gaussian,256,0.5,0.9984135010040799,0.9315348158943262,0.9491673970118392,0.7783018867557404,0.9979334277272411,0.9675855801265013,0.8173584905598691,0.5427631578768828,0.9143544001664964,0.8314101640726237,0.8709118664460033,0.9963877553046776
113,BERT,gaussian,256,1.0,0.9980119528519366,0.9253862488094563,0.8110671936694778,0.7187499999679129,0.9973727932690923,0.9571342017563184,0.7743396226356655,0.5296052631404735,0.8633038488246958,0.8146129702003875,0.8382519327672809,0.9954484525334366
114,BERT,gaussian,512,0.25,0.9982708768598101,0.9388872447462718,0.9500860585116172,0.839999999958,0.9981789610665763,0.9610724023016047,0.8332075471635231,0.5526315789291897,0.9318110450189248,0.8362726223652235,0.8814606187867089,0.9965029340800096
115,BERT,gaussian,512,0.5,0.9981603992690503,0.9367229129655589,0.9384748700091987,0.7766990290885097,0.9980807477308423,0.9585731596478653,0.8173584905598691,0.5263157894563711,0.9125143028330794,0.825082046848737,0.8665984646723525,0.9962844915750697
116,BERT,gaussian,512,1.0,0.9979475531272497,0.9367182846925723,0.8534201954327898,0.7318181817849173,0.997851583280796,0.9528930627075485,0.7909433962204457,0.5296052631404735,0.8799760537593824,0.8178233263373159,0.8477620472483434,0.9958456207242362
117,BERT,gaussian,1024,0.25,0.9978648341871748,0.9437914406261725,0.9475088967887233,0.7990654205234081,0.9983201427366941,0.9486519236587786,0.8037735848995943,0.5624999999814967,0.9220576480313697,0.8283114128191409,0.872674095835627,0.9962427889150358
118,BERT,gaussian,1024,0.5,0.9977685739121338,0.9404770863112796,0.9422903516596729,0.6776859503852196,0.9981625921772873,0.9465313541343937,0.7886792452770667,0.5394736841927804,0.8895554905670765,0.818211718945382,0.8523933692110319,0.9959806579091081
119,BERT,gaussian,1024,1.0,0.9974966867913211,0.9361927055795995,0.8794449262716441,0.6958525345301451,0.9979457043942079,0.9389578915473046,0.7652830188621489,0.4967105262994503,0.8772467132931774,0.799724285275778,0.8366936544688207,0.9954841976706086
120,BERT,max,128,0.25,0.9975218018054656,0.9377484437103893,0.9545923632512426,0.782828282788746,0.9982014682893487,0.9469100272637481,0.6981132075419011,0.5098684210358596,0.9181727228889609,0.7882732810327143,0.8482788426023339,0.9957721446089383
121,BERT,max,128,0.5,0.997988503983069,0.929001468428099,0.9445506692070311,0.7884615384236316,0.9979047821709853,0.9582702211443818,0.745660377352863,0.5394736841927804,0.9150005450104577,0.8103272662152526,0.8594887082931848,0.9959250543623961
122,BERT,max,128,1.0,0.9980108573184268,0.9141764111441358,0.7319434102700526,0.7339449540947731,0.996822389366749,0.9591790366548324,0.7418867924472311,0.5263157894563711,0.8445189082068472,0.806051001981296,0.8248366868029263,0.9948805020205932
123,BERT,max,256,0.25,0.997801456151812,0.9400224634961137,0.9602272727181798,0.8350515463487086,0.9982669438465048,0.9507724931831636,0.7652830188621489,0.5328947368245758,0.9332756846787035,0.8118042981790983,0.8683123012229143,0.9961276101397039
124,BERT,max,256,0.5,0.998072807767669,0.9388163749622227,0.9569597069509437,0.8153846153428007,0.9981994221781877,0.9587246288996071,0.7886792452770667,0.5230263157722689,0.927308376255909,0.8171574030317826,0.8687552478289742,0.9963261942351037
125,BERT,max,256,1.0,0.9980119528519366,0.9253862488094563,0.8110671936694778,0.7187499999679129,0.9973727932690923,0.9571342017563184,0.7743396226356655,0.5296052631404735,0.8633038488246958,0.8146129702003875,0.8382519327672809,0.9954484525334366
126,BERT,max,512,0.25,0.9978568507157259,0.944678926740319,0.9654859218804226,0.8316326530187942,0.9984040332943004,0.9492578006657457,0.8022641509373415,0.5361842105086781,0.9349135880888154,0.8215275488515164,0.8745607784792717,0.9963202367122417
127,BERT,max,512,0.5,0.9980015014308391,0.9421710181783929,0.9477413640305781,0.8019801979801,0.9982771744023105,0.9538018782179992,0.8075471698052261,0.5328947368245758,0.9224735204049777,0.8231302398125279,0.8699750344570393,0.9963281800760577
128,BERT,max,512,1.0,0.9979475531272497,0.9367182846925723,0.8534201954327898,0.7318181817849173,0.997851583280796,0.9528930627075485,0.7909433962204457,0.5296052631404735,0.8799760537593824,0.8178233263373159,0.8477620472483434,0.9958456207242362
129,BERT,max,1024,0.25,0.9973308317544979,0.9468965517234122,0.9546296296207906,0.798611111055652,0.9984715549626175,0.9358527718865981,0.7781132075412973,0.3782894736717668,0.9243670310385881,0.7726817520155699,0.8417454347472416,0.9958754083385462
130,BERT,max,1024,0.5,0.9975507133189471,0.943555117213456,0.9434822242393485,0.7818181817707989,0.9983467421817888,0.9419115419562694,0.7811320754658029,0.42434210524919924,0.9166015591356376,0.7864331162132651,0.8465427353633684,0.9959488844538441
131,BERT,max,1024,1.0,0.9974966867913211,0.9361927055795995,0.8794449262716441,0.6958525345301451,0.9979457043942079,0.9389578915473046,0.7652830188621489,0.4967105262994503,0.8772467132931774,0.799724285275778,0.8366936544688207,0.9954841976706086
132,BERT,sum,128,0.25,0.9983236552911088,0.9318082471215708,0.9521126760473981,0.8151658767386177,0.997978442172786,0.9686458648886938,0.7652830188621489,0.5657894736655991,0.9243526137996738,0.824424199897307,0.8715333526021457,0.9963361234398737
133,BERT,sum,128,0.5,0.9982110692647577,0.928222335691204,0.9378478664105951,0.7981651375780658,0.9978597677254405,0.9637231142070859,0.7630188679187697,0.5723684210338037,0.9156116022361557,0.8242425427212751,0.8675279281563628,0.996089879161578
134,BERT,sum,128,1.0,0.9980108573184268,0.9141764111441358,0.7319434102700526,0.7339449540947731,0.996822389366749,0.9591790366548324,0.7418867924472311,0.5263157894563711,0.8445189082068472,0.806051001981296,0.8248366868029263,0.9948805020205932
135,BERT,sum,256,0.25,0.9983157886120093,0.9368428791993699,0.963866305321013,0.8457711442365288,0.9981605460661263,0.965010602846891,0.8052830188618469,0.5592105262973944,0.9361990293422302,0.8319161735180647,0.8809823120991983,0.9965188208076415
136,BERT,sum,256,0.5,0.9981891064007211,0.9368591871351059,0.9554140127301601,0.8299999999584999,0.9981421310656761,0.9619054831861845,0.7924528301826985,0.546052631560985,0.9301155765561218,0.824638268998886,0.8742068257516896,0.9963778260999077
137,BERT,sum,256,1.0,0.9980119528519366,0.9253862488094563,0.8110671936694778,0.7187499999679129,0.9973727932690923,0.9571342017563184,0.7743396226356655,0.5296052631404735,0.8633038488246958,0.8146129702003875,0.8382519327672809,0.9954484525334366
138,BERT,sum,512,0.25,0.9982077459745688,0.9411414982157096,0.9656084655999506,0.8341463414227246,0.998285358846955,0.9591033020289615,0.8264150943333856,0.5624999999814967,0.9347760128032383,0.8365759387976996,0.8829539667200439,0.9965426508990894
139,BERT,sum,512,0.5,0.9980872304733645,0.9413343272449188,0.9530141843887145,0.8118811880786198,0.9982669438465048,0.9563768554976094,0.8113207547108581,0.5394736841927804,0.9260792325464045,0.8263595595619382,0.873382198346453,0.9963996703504017
140,BERT,sum,512,1.0,0.9979475531272497,0.9367182846925723,0.8534201954327898,0.7318181817849173,0.997851583280796,0.9528930627075485,0.7909433962204457,0.5296052631404735,0.8799760537593824,0.8178233263373159,0.8477620472483434,0.9958456207242362
141,BERT,sum,1024,0.25,0.9977853258924442,0.9428270518310818,0.9633363886254507,0.8352941175979238,0.9983549266264333,0.9491820660398749,0.7932075471638249,0.4671052631425294,0.9348107209867251,0.8019624507431655,0.8633057035539753,0.9962050579369098
142,BERT,sum,1024,0.5,0.9976424642688981,0.9426347214867035,0.9514207149317011,0.7976878612255671,0.9983324194036609,0.9445622538617505,0.7833962264091819,0.45394736840612016,0.9223464404782175,0.7950595670201783,0.8539860162798099,0.996028318092004
143,BERT,sum,1024,1.0,0.9974966867913211,0.9361927055795995,0.8794449262716441,0.6958525345301451,0.9979457043942079,0.9389578915473046,0.7652830188621489,0.4967105262994503,0.8772467132931774,0.799724285275778,0.8366936544688207,0.9954841976706086
144,LSTM,asymmetric-max,128,0.25,0.9984994636554744,0.9531775072802978,0.8362395754295965,0.46556473827918554,0.9980091338402028,0.9666767646160507,0.8324528301823967,0.555921052613292,0.8133703211611385,0.8382649453129856,0.8256300134771664,0.9964850615114236
145,LSTM,asymmetric-max,128,0.5,0.9983433414598025,0.9697316254948385,0.8824489795846332,0.569444444424672,0.9987600566363365,0.9632687064518606,0.8158490565976163,0.5394736841927804,0.8549920977409865,0.8293378759696485,0.8419696106688344,0.997070884592853
146,LSTM,asymmetric-max,128,1.0,0.9981012140783837,0.9784406150985406,0.9128888888807744,0.6527196652446561,0.9991795094243675,0.9589518327772197,0.7750943396167917,0.5131578947199619,0.8855375958255887,0.8115958941345852,0.8469559723978403,0.9972416669148968
147,LSTM,asymmetric-max,256,0.25,0.9983433346831884,0.9697316254948385,0.8817292006453367,0.5674740484232708,0.9987559644140143,0.9632687064518606,0.8158490565976163,0.5394736841927804,0.8543195523116587,0.8293368529140679,0.8416428464736563,0.997066912910945
148,LSTM,asymmetric-max,256,0.5,0.99826027582088,0.9781905055479514,0.9090909090831854,0.6417322834393019,0.9991304027565004,0.9612996061792174,0.8075471698052261,0.5361842105086781,0.8818184934728296,0.8260403473124055,0.8530185668211261,0.9973548598492746
149,LSTM,asymmetric-max,256,1.0,0.9981056155114532,0.9830666459523201,0.9243772241910644,0.6946902654559871,0.9993493366507411,0.9584974250219944,0.7841509433903083,0.5164473684040642,0.9000599377777062,0.814611268366777,0.8552064799546248,0.9974203926007567
150,LSTM,asymmetric-max,512,0.25,0.9982623130453067,0.9781921861747875,0.9090909090831854,0.6392156862494425,0.9991283566453394,0.9613753408050882,0.8075471698052261,0.5361842105086781,0.8811902736381805,0.8260587694410829,0.8527343468395658,0.9973548598492746
151,LSTM,asymmetric-max,512,0.5,0.998193263570941,0.9827866945793728,0.9203463203383521,0.6824034334471071,0.9993125066498408,0.9599363829135413,0.8022641509373415,0.5230263157722689,0.8959324279839432,0.8211348390682481,0.8569044904654117,0.9974740103065145
152,LSTM,asymmetric-max,512,1.0,0.9981016757972655,0.9859001324289274,0.9271758436862596,0.6950672645428221,0.9994229966525416,0.9584974250219944,0.7879245282959403,0.5098684210358596,0.9015612291138186,0.813928342751584,0.8555064919761967,0.9974978403979625
153,LSTM,asymmetric-max,1024,0.25,0.998193263570941,0.9827866945793728,0.9203463203383521,0.6824034334471071,0.9993125066498408,0.9599363829135413,0.8022641509373415,0.5230263157722689,0.8959324279839432,0.8211348390682481,0.8569044904654117,0.9974740103065145
154,LSTM,asymmetric-max,1024,0.5,0.9981526363758773,0.9857565379817981,0.9248251748170908,0.6916299559166682,0.9994066277632526,0.9591790366548324,0.7984905660317095,0.5164473684040642,0.9000910762728587,0.8183808997134647,0.857293398823093,0.9975315996941805
155,LSTM,asymmetric-max,1024,1.0,0.998101768889831,0.9875107329630883,0.9274977895585544,0.7045454545134298,0.9994721033204087,0.95811875189264,0.7916981132015721,0.5098684210358596,0.9044139364812258,0.81478934736262,0.857265506284132,0.9975455005808584
156,LSTM,asymmetric-max,2048,0.25,0.9981526363758773,0.9857565379817981,0.9248251748170908,0.6916299559166682,0.9994066277632526,0.9591790366548324,0.7984905660317095,0.5164473684040642,0.9000910762728587,0.8183808997134647,0.857293398823093,0.9975315996941805
157,LSTM,asymmetric-max,2048,0.5,0.9981323536022485,0.9874405179803514,0.9271290605713159,0.7104072397868594,0.9994680110980865,0.9586488942737362,0.7969811320694568,0.5164473684040642,0.9057772929851937,0.8178863514613359,0.8595910037147759,0.9975733023542145
158,LSTM,asymmetric-max,2048,1.0,0.9981099807319994,0.988206810370987,0.9292661361544716,0.7142857142527979,0.9995007488766645,0.9582702211443818,0.7932075471638249,0.5098684210358596,0.9074671603775639,0.8152117345551826,0.8588691435704797,0.9975812457180304
159,LSTM,asymmetric-max,4096,0.25,0.9981323536022485,0.9874405179803514,0.9271290605713159,0.7104072397868594,0.9994680110980865,0.9586488942737362,0.7969811320694568,0.5164473684040642,0.9057772929851937,0.8178863514613359,0.8595910037147759,0.9975733023542145
160,LSTM,asymmetric-max,4096,0.5,0.99812832804114,0.9881342701007118,0.9286971830904165,0.718894009183461,0.9994966566543423,0.9586488942737362,0.7962264150883305,0.5131578947199619,0.9084634476039324,0.8168824651840927,0.8602424021835012,0.9975971324456624
161,LSTM,asymmetric-max,4096,1.0,0.9981161143734957,0.9885183160189107,0.9293909973439596,0.7162790697341266,0.999508933321309,0.9584974250219944,0.7947169811260777,0.5065789473517572,0.9080761243676231,0.8148255717052846,0.8589272906070897,0.9975971324456624
162,LSTM,gaussian,128,0.25,0.9981364860501882,0.9878296146036918,0.9310954063521989,0.718894009183461,0.9994966566543423,0.9589518327772197,0.7954716981072041,0.5131578947199619,0.908988879047385,0.816769520564682,0.8604152317067972,0.9976030899685244
163,LSTM,gaussian,128,0.5,0.9981364860501882,0.9876716604236987,0.93115622241014,0.7155963302424038,0.9994966566543423,0.9586488942737362,0.7962264150883305,0.5131578947199619,0.9081401747816076,0.8168824651840927,0.8600974424574226,0.9975971324456624
164,LSTM,gaussian,128,1.0,0.9981012140783837,0.9784406150985406,0.9128888888807744,0.6527196652446561,0.9991795094243675,0.9589518327772197,0.7750943396167917,0.5131578947199619,0.8855375958255887,0.8115958941345852,0.8469559723978403,0.9972416669148968
165,LSTM,gaussian,256,0.25,0.9981222249692793,0.9882885696432009,0.9302120141260583,0.7175925925593707,0.9995048410989867,0.9586488942737362,0.7947169811260777,0.5098684210358596,0.9085538503244772,0.815684784383665,0.8596183060591511,0.9975991182866164
166,LSTM,gaussian,256,0.5,0.9981283433386391,0.9882903981256922,0.9302736098770498,0.7175925925593707,0.9995048410989867,0.9588003635254779,0.7954716981072041,0.5098684210358596,0.908571235975188,0.8159113309418821,0.8597518772561956,0.9976050758094784
167,LSTM,gaussian,256,1.0,0.9981056155114532,0.9830666459523201,0.9243772241910644,0.6946902654559871,0.9993493366507411,0.9584974250219944,0.7841509433903083,0.5164473684040642,0.9000599377777062,0.814611268366777,0.8552064799546248,0.9974203926007567
168,LSTM,gaussian,512,0.25,0.9981161105242199,0.9884402093251672,0.9293909973439596,0.7175925925593707,0.9995068872101479,0.9584216903961236,0.7947169811260777,0.5098684210358596,0.9083849774381794,0.8156284949420523,0.8595114592177715,0.9975951466047084
169,LSTM,gaussian,512,0.5,0.9981161105242199,0.9884402093251672,0.9293909973439596,0.7175925925593707,0.9995068872101479,0.9584216903961236,0.7947169811260777,0.5098684210358596,0.9083849774381794,0.8156284949420523,0.8595114592177715,0.9975951466047084
170,LSTM,gaussian,512,1.0,0.9981016757972655,0.9859001324289274,0.9271758436862596,0.6950672645428221,0.9994229966525416,0.9584974250219944,0.7879245282959403,0.5098684210358596,0.9015612291138186,0.813928342751584,0.8555064919761967,0.9974978403979625
171,LSTM,gaussian,1024,0.25,0.9981181499431767,0.9884402093251672,0.9294532627784,0.7175925925593707,0.9995068872101479,0.9584216903961236,0.7954716981072041,0.5098684210358596,0.9084010536515287,0.8158171741873338,0.8596234100245558,0.9975971324456624
172,LSTM,gaussian,1024,0.5,0.9981181499431767,0.9884402093251672,0.9294532627784,0.7175925925593707,0.9995068872101479,0.9584216903961236,0.7954716981072041,0.5098684210358596,0.9084010536515287,0.8158171741873338,0.8596234100245558,0.9975971324456624
173,LSTM,gaussian,1024,1.0,0.998101768889831,0.9875107329630883,0.9274977895585544,0.7045454545134298,0.9994721033204087,0.95811875189264,0.7916981132015721,0.5098684210358596,0.9044139364812258,0.81478934736262,0.857265506284132,0.9975455005808584
174,LSTM,gaussian,2048,0.25,0.9981181499431767,0.9884402093251672,0.9294532627784,0.7175925925593707,0.9995068872101479,0.9584216903961236,0.7954716981072041,0.5098684210358596,0.9084010536515287,0.8158171741873338,0.8596234100245558,0.9975971324456624
175,LSTM,gaussian,2048,0.5,0.9981181499431767,0.9884402093251672,0.9294532627784,0.7175925925593707,0.9995068872101479,0.9584216903961236,0.7954716981072041,0.5098684210358596,0.9084010536515287,0.8158171741873338,0.8596234100245558,0.9975971324456624
176,LSTM,gaussian,2048,1.0,0.9981099807319994,0.988206810370987,0.9292661361544716,0.7142857142527979,0.9995007488766645,0.9582702211443818,0.7932075471638249,0.5098684210358596,0.9074671603775639,0.8152117345551826,0.8588691435704797,0.9975812457180304
177,LSTM,gaussian,4096,0.25,0.9981181499431767,0.9884402093251672,0.9294532627784,0.7175925925593707,0.9995068872101479,0.9584216903961236,0.7954716981072041,0.5098684210358596,0.9084010536515287,0.8158171741873338,0.8596234100245558,0.9975971324456624
178,LSTM,gaussian,4096,0.5,0.9981181499431767,0.9884402093251672,0.9294532627784,0.7175925925593707,0.9995068872101479,0.9584216903961236,0.7954716981072041,0.5098684210358596,0.9084010536515287,0.8158171741873338,0.8596234100245558,0.9975971324456624
179,LSTM,gaussian,4096,1.0,0.9981161143734957,0.9885183160189107,0.9293909973439596,0.7162790697341266,0.999508933321309,0.9584974250219944,0.7947169811260777,0.5065789473517572,0.9080761243676231,0.8148255717052846,0.8589272906070897,0.9975971324456624
180,LSTM,max,128,0.25,0.9982403145769602,0.9837234537273416,0.9252823631544286,0.7136363636039256,0.9993841205404802,0.9612238715533464,0.8037735848995943,0.5164473684040642,0.9052206237656639,0.8202072363493713,0.8606195819194556,0.9975772740361224
181,LSTM,max,128,0.5,0.998195528671251,0.9857720416723792,0.9255691768745573,0.719457013542106,0.9994373194306696,0.960239321417025,0.7977358490505831,0.5230263157722689,0.9072484401900734,0.8201097014176366,0.8614811545635648,0.9975911749228005
182,LSTM,max,128,1.0,0.9981012140783837,0.9784406150985406,0.9128888888807744,0.6527196652446561,0.9991795094243675,0.9589518327772197,0.7750943396167917,0.5131578947199619,0.8855375958255887,0.8115958941345852,0.8469559723978403,0.9972416669148968
183,LSTM,max,256,0.25,0.9981955360463439,0.9860797884742312,0.9256342957049377,0.719457013542106,0.9994414116529918,0.9603150560428958,0.7984905660317095,0.5230263157722689,0.9073416584419046,0.8203183373749665,0.8616382832016584,0.9975991182866164
184,LSTM,max,256,0.5,0.9981690820071234,0.9869158878496986,0.9295774647805496,0.7235023041141243,0.9994761955427309,0.9597091790359287,0.7969811320694568,0.5164473684040642,0.909541184687874,0.8181534687630452,0.8614303105490532,0.9976090474913865
185,LSTM,max,256,1.0,0.9981056155114532,0.9830666459523201,0.9243772241910644,0.6946902654559871,0.9993493366507411,0.9584974250219944,0.7841509433903083,0.5164473684040642,0.9000599377777062,0.814611268366777,0.8552064799546248,0.9974203926007567
186,LSTM,max,512,0.25,0.9981711254423833,0.9869927564444372,0.9296394019267403,0.7235023041141243,0.9994782416538921,0.9597091790359287,0.7977358490505831,0.5164473684040642,0.9095763969819213,0.818342659536117,0.8615509628670377,0.9976130191732944
187,LSTM,max,512,0.5,0.9981487081824442,0.9875994384643677,0.9296394019267403,0.7155963302424038,0.9994884722096977,0.9590275674030907,0.7977358490505831,0.5131578947199619,0.907745969703989,0.8173524458458333,0.8601809352504391,0.9976030899685244
188,LSTM,max,512,1.0,0.9981016757972655,0.9859001324289274,0.9271758436862596,0.6950672645428221,0.9994229966525416,0.9584974250219944,0.7879245282959403,0.5098684210358596,0.9015612291138186,0.813928342751584,0.8555064919761967,0.9974978403979625
189,LSTM,max,1024,0.25,0.9981487081824442,0.9875994384643677,0.9296394019267403,0.7155963302424038,0.9994884722096977,0.9590275674030907,0.7977358490505831,0.5131578947199619,0.907745969703989,0.8173524458458333,0.8601809352504391,0.9976030899685244
190,LSTM,max,1024,0.5,0.9981262923882723,0.9882114138488655,0.9295154184940132,0.7142857142527979,0.9994987027655033,0.9586488942737362,0.7962264150883305,0.5098684210358596,0.9075347097459872,0.8160606082908575,0.8593703118514665,0.9975971324456624
191,LSTM,max,1024,1.0,0.998101768889831,0.9875107329630883,0.9274977895585544,0.7045454545134298,0.9994721033204087,0.95811875189264,0.7916981132015721,0.5098684210358596,0.9044139364812258,0.81478934736262,0.857265506284132,0.9975455005808584
192,LSTM,max,2048,0.25,0.9981262923882723,0.9882114138488655,0.9295154184940132,0.7142857142527979,0.9994987027655033,0.9586488942737362,0.7962264150883305,0.5098684210358596,0.9075347097459872,0.8160606082908575,0.8593703118514665,0.9975971324456624
193,LSTM,max,2048,0.5,0.9981222249692793,0.9883639203428438,0.9295154184940132,0.7175925925593707,0.9995048410989867,0.9584974250219944,0.7962264150883305,0.5098684210358596,0.9083985390913767,0.8160242755612928,0.8597372398295458,0.9975991182866164
194,LSTM,max,2048,1.0,0.9981099807319994,0.988206810370987,0.9292661361544716,0.7142857142527979,0.9995007488766645,0.9582702211443818,0.7932075471638249,0.5098684210358596,0.9074671603775639,0.8152117345551826,0.8588691435704797,0.9975812457180304
195,LSTM,max,4096,0.25,0.9981222249692793,0.9883639203428438,0.9295154184940132,0.7175925925593707,0.9995048410989867,0.9584974250219944,0.7962264150883305,0.5098684210358596,0.9083985390913767,0.8160242755612928,0.8597372398295458,0.9975991182866164
196,LSTM,max,4096,0.5,0.998122228806093,0.9884411121516803,0.9295154184940132,0.7175925925593707,0.9995068872101479,0.9584974250219944,0.7962264150883305,0.5098684210358596,0.9084178380027893,0.8160247870890831,0.859746166974882,0.9976011041275704
197,LSTM,max,4096,1.0,0.9981161143734957,0.9885183160189107,0.9293909973439596,0.7162790697341266,0.999508933321309,0.9584974250219944,0.7947169811260777,0.5065789473517572,0.9080761243676231,0.8148255717052846,0.8589272906070897,0.9975971324456624
198,LSTM,sum,128,0.25,0.9981507477721926,0.9868431296216529,0.9347048300453068,0.7209302325246079,0.9994884722096977,0.9600121175394122,0.7886792452770667,0.5098684210358596,0.9101572349909399,0.814512064015509,0.8596825422471145,0.9976030899685244
199,LSTM,sum,128,0.5,0.998124199259876,0.9860624464681257,0.9322033898221928,0.7333333332984127,0.9994700572092476,0.9591033020289615,0.7886792452770667,0.5065789473517572,0.9124308422121519,0.8134578879667583,0.8601065045996958,0.9975594014675364
200,LSTM,sum,128,1.0,0.9981012140783837,0.9784406150985406,0.9128888888807744,0.6527196652446561,0.9991795094243675,0.9589518327772197,0.7750943396167917,0.5131578947199619,0.8855375958255887,0.8115958941345852,0.8469559723978403,0.9972416669148968
201,LSTM,sum,256,0.25,0.9981324108450739,0.9877582845996197,0.9323241317815466,0.722222222188786,0.9994987027655033,0.959406240532445,0.7901886792393193,0.5131578947199619,0.9101092623537566,0.8155628793143074,0.8602460551714615,0.9976030899685244
202,LSTM,sum,256,0.5,0.9981201586422437,0.9870605659046012,0.9306049821981264,0.7368421052279023,0.9994905183208589,0.9590275674030907,0.7894339622581931,0.5065789473517572,0.9131569529932184,0.8136327488334749,0.8605267875893391,0.9975792598770764
203,LSTM,sum,256,1.0,0.9981056155114532,0.9830666459523201,0.9243772241910644,0.6946902654559871,0.9993493366507411,0.9584974250219944,0.7841509433903083,0.5164473684040642,0.9000599377777062,0.814611268366777,0.8552064799546248,0.9974203926007567
204,LSTM,sum,512,0.25,0.9981242720826914,0.9881388997261115,0.929902395732654,0.7276995304822677,0.999508933321309,0.9590275674030907,0.7909433962204457,0.5098684210358596,0.9109662745059312,0.8148370794951763,0.8602244196767456,0.9976030899685244
205,LSTM,sum,512,0.5,0.9981201816885059,0.9878286650534541,0.9316163410219218,0.7276995304822677,0.9995027949878256,0.9588760981513489,0.7916981132015721,0.5098684210358596,0.9113161795615374,0.8149863568441515,0.8604636014241824,0.9975951466047084
206,LSTM,sum,512,1.0,0.9981016757972655,0.9859001324289274,0.9271758436862596,0.6950672645428221,0.9994229966525416,0.9584974250219944,0.7879245282959403,0.5098684210358596,0.9015612291138186,0.813928342751584,0.8555064919761967,0.9974978403979625
207,LSTM,sum,1024,0.25,0.9981201855294947,0.988212334113202,0.9309123117720912,0.7175925925593707,0.9995048410989867,0.9587246288996071,0.7932075471638249,0.5098684210358596,0.9087093559935396,0.8153263595495696,0.8594887914836548,0.9975971324456624
208,LSTM,sum,1024,0.5,0.9981201855294947,0.9882894839558214,0.9301503094524303,0.7209302325246079,0.9995048410989867,0.9587246288996071,0.7939622641449513,0.5098684210358596,0.9093725528655885,0.8155150387948511,0.8598902235893577,0.9975991182866164
209,LSTM,sum,1024,1.0,0.998101768889831,0.9875107329630883,0.9274977895585544,0.7045454545134298,0.9994721033204087,0.95811875189264,0.7916981132015721,0.5098684210358596,0.9044139364812258,0.81478934736262,0.857265506284132,0.9975455005808584
210,LSTM,sum,2048,0.25,0.9981181499431767,0.9883639203428438,0.9302120141260583,0.7175925925593707,0.9995068872101479,0.9584974250219944,0.7947169811260777,0.5098684210358596,0.9085716692428624,0.8156474285985198,0.8596055366109304,0.9975971324456624
211,LSTM,sum,2048,0.5,0.9981201893704678,0.988442014837182,0.9293909973439596,0.7175925925593707,0.9995068872101479,0.9585731596478653,0.7947169811260777,0.5098684210358596,0.908386448527745,0.8156663622549876,0.8595331431388059,0.9975991182866164
212,LSTM,sum,2048,1.0,0.9981099807319994,0.988206810370987,0.9292661361544716,0.7142857142527979,0.9995007488766645,0.9582702211443818,0.7932075471638249,0.5098684210358596,0.9074671603775639,0.8152117345551826,0.8588691435704797,0.9975812457180304
213,LSTM,sum,4096,0.25,0.9981161105242199,0.9884402093251672,0.9293909973439596,0.7175925925593707,0.9995068872101479,0.9584216903961236,0.7947169811260777,0.5098684210358596,0.9083849774381794,0.8156284949420523,0.8595114592177715,0.9975951466047084
214,LSTM,sum,4096,0.5,0.9981201932114252,0.9885192127452448,0.9293909973439596,0.7175925925593707,0.999508933321309,0.9585731596478653,0.7947169811260777,0.5098684210358596,0.908405748965,0.8156668737827779,0.8595420672082348,0.9976011041275704
215,LSTM,sum,4096,1.0,0.9981161143734957,0.9885183160189107,0.9293909973439596,0.7162790697341266,0.999508933321309,0.9584974250219944,0.7947169811260777,0.5065789473517572,0.9080761243676231,0.8148255717052846,0.8589272906070897,0.9975971324456624
216,LSTM,asymmetric-max,128,0.25,0.9984048946595505,0.9577263853424255,0.8700159489563796,0.262820512816301,0.9976633410539724,0.9659951529832126,0.8233962264088801,0.5394736841927804,0.7722419354436642,0.8316321011597113,0.8008374282715386,0.9960978225253939
217,LSTM,asymmetric-max,128,0.5,0.9982797520060833,0.973450650343555,0.9044801352417204,0.3846153846064192,0.9985881832988018,0.9635716449553441,0.8075471698052261,0.5427631578768828,0.8152064805494446,0.8281175389840638,0.821611285788967,0.9968921589069931
218,LSTM,asymmetric-max,128,1.0,0.9980827170637977,0.9812461252317256,0.9251336898313269,0.5213114753927439,0.9991078955337281,0.9589518327772197,0.7833962264091819,0.5230263157722689,0.8564435018798986,0.8161205676230997,0.8357959679476484,0.9971999642548628
219,LSTM,asymmetric-max,256,0.25,0.9982756716289483,0.9735231098860012,0.9043993231733977,0.3846153846064192,0.9985902294099629,0.9634959103294732,0.8067924528240997,0.5427631578768828,0.8152033723236916,0.8279104376101047,0.8215077647498991,0.9968901730660391
220,LSTM,asymmetric-max,256,0.5,0.9982152604431592,0.9810023940065016,0.9208695652093838,0.5172413792941304,0.9990628810881833,0.9620569524379263,0.7992452830128359,0.5427631578768828,0.8543321497382939,0.825782068603957,0.8398145292559717,0.9972913129387467
221,LSTM,asymmetric-max,256,1.0,0.9981095983356086,0.9848437742880577,0.9327956989163729,0.5985130111301667,0.9992981838717129,0.9596334444100578,0.7856603773525611,0.5296052631404735,0.8785655206675514,0.8185493171937014,0.8474962174288241,0.9974124492369406
222,LSTM,asymmetric-max,512,0.25,0.9982152604431592,0.9810023940065016,0.9208695652093838,0.5172413792941304,0.9990628810881833,0.9620569524379263,0.7992452830128359,0.5427631578768828,0.8543321497382939,0.825782068603957,0.8398145292559717,0.9972913129387467
223,LSTM,asymmetric-max,512,0.5,0.9981789196149161,0.9847156490022618,0.9293909973439596,0.5970695970477263,0.9992777227601016,0.9612238715533464,0.7947169811260777,0.5361842105086781,0.8773387907522159,0.8228506964870509,0.8492216146468438,0.9974620952607905
224,LSTM,asymmetric-max,512,1.0,0.9981118195193518,0.9867621865745313,0.9360936093525105,0.6428571428316326,0.9993943510962859,0.9597091790359287,0.7849056603714347,0.5328947368245758,0.8909561895695065,0.8192259818320563,0.8535867898836941,0.9975077696027325
225,LSTM,asymmetric-max,1024,0.25,0.9981789196149161,0.9847156490022618,0.9293909973439596,0.5970695970477263,0.9992777227601016,0.9612238715533464,0.7947169811260777,0.5361842105086781,0.8773387907522159,0.8228506964870509,0.8492216146468438,0.9974620952607905
226,LSTM,asymmetric-max,1024,0.5,0.9981464868057041,0.9867745448879829,0.9347631814036215,0.6454183266675132,0.9993902588739636,0.9606179945463793,0.7894339622581931,0.5328947368245758,0.8912756349412054,0.820584238125778,0.8544703279662993,0.9975395430579965
227,LSTM,asymmetric-max,1024,1.0,0.9981160027381101,0.9875292283702357,0.937163375216004,0.6822033898016016,0.9994495960976363,0.9595577097841869,0.7879245282959403,0.5296052631404735,0.9012529990314878,0.8191342743295592,0.8582337575836001,0.9975633731494444
228,LSTM,asymmetric-max,2048,0.25,0.9981464905934704,0.9868513187574987,0.9347631814036215,0.6454183266675132,0.9993923049851248,0.9606179945463793,0.7894339622581931,0.5328947368245758,0.891294829355526,0.8205847496535682,0.8544794261348467,0.9975415288989505
229,LSTM,asymmetric-max,2048,0.5,0.9981363984674125,0.9875379702461348,0.937275985654684,0.6851063829495699,0.9994495960976363,0.960239321417025,0.7894339622581931,0.5296052631404735,0.9020141843294502,0.819682035728332,0.8588795281757464,0.9975852173999384
230,LSTM,asymmetric-max,2048,1.0,0.9981180961098942,0.9879912663747754,0.9372197309332986,0.7061403508462218,0.9994782416538921,0.9595577097841869,0.7886792452770667,0.5296052631404735,0.9073673610660475,0.8193301149639048,0.8611044033729989,0.9975931607637545
231,LSTM,asymmetric-max,4096,0.25,0.9981363984674125,0.9875379702461348,0.937275985654684,0.6851063829495699,0.9994495960976363,0.960239321417025,0.7894339622581931,0.5296052631404735,0.9020141843294502,0.819682035728332,0.8588795281757464,0.9975852173999384
232,LSTM,asymmetric-max,4096,0.5,0.998130333148049,0.9879968823063227,0.937275985654684,0.7092511012903413,0.9994782416538921,0.9600121175394122,0.7894339622581931,0.5296052631404735,0.9081635755998492,0.8196323961479927,0.86162983989607,0.9976070616504324
233,LSTM,asymmetric-max,4096,1.0,0.998116079729447,0.9880692451645445,0.937163375216004,0.7252252251925574,0.9994905183208589,0.9596334444100578,0.7879245282959403,0.5296052631404735,0.9121434813256383,0.8191634385418326,0.8631567028538658,0.9976050758094784
234,LSTM,gaussian,128,0.25,0.9981629742244033,0.987699493965755,0.9373881931937623,0.7276785713960857,0.9994823338762143,0.9608451984239921,0.7909433962204457,0.5361842105086781,0.9127323081950015,0.8218637847573326,0.8649179229754717,0.9976408209466504
235,LSTM,gaussian,128,0.5,0.998167042317394,0.9877014088884659,0.9357716324626605,0.7276785713960857,0.9994761955427309,0.9609966676757338,0.7916981132015721,0.5361842105086781,0.9123296637661514,0.8220887967321787,0.8648616331825563,0.9976408209466504
236,LSTM,gaussian,128,1.0,0.9980827170637977,0.9812461252317256,0.9251336898313269,0.5213114753927439,0.9991078955337281,0.9589518327772197,0.7833962264091819,0.5230263157722689,0.8564435018798986,0.8161205676230997,0.8357959679476484,0.9971999642548628
237,LSTM,gaussian,256,0.25,0.9981364708189925,0.9879987531164369,0.937275985654684,0.7264573990705624,0.9994884722096977,0.960163586791154,0.7894339622581931,0.5328947368245758,0.9124671521651688,0.8204951895209052,0.8640405929406862,0.9976229483780644
238,LSTM,gaussian,256,0.5,0.9981303560700902,0.9879968823063227,0.937275985654684,0.7285067872973526,0.9994905183208589,0.9600121175394122,0.7894339622581931,0.5296052631404735,0.9129775028321123,0.8196354653147344,0.8637921449209647,0.9976189766961564
239,LSTM,gaussian,256,1.0,0.9981095983356086,0.9848437742880577,0.9327956989163729,0.5985130111301667,0.9992981838717129,0.9596334444100578,0.7856603773525611,0.5296052631404735,0.8785655206675514,0.8185493171937014,0.8474962174288241,0.9974124492369406
240,LSTM,gaussian,512,0.25,0.9981323955806636,0.9879987531164369,0.9372197309332986,0.7285067872973526,0.9994905183208589,0.960163586791154,0.7886792452770667,0.5296052631404735,0.9129644167319378,0.8194846533823883,0.8637025320786392,0.9976209625371104
241,LSTM,gaussian,512,0.5,0.9981344350995718,0.9879996883028224,0.9372197309332986,0.7285067872973526,0.9994905183208589,0.960239321417025,0.7886792452770667,0.5296052631404735,0.9129651604082613,0.8195035870388561,0.8637133807810239,0.9976229483780644
242,LSTM,gaussian,512,1.0,0.9981118195193518,0.9867621865745313,0.9360936093525105,0.6428571428316326,0.9993943510962859,0.9597091790359287,0.7849056603714347,0.5328947368245758,0.8909561895695065,0.8192259818320563,0.8535867898836941,0.9975077696027325
243,LSTM,gaussian,1024,0.25,0.9981283165678516,0.9879968823063227,0.9372197309332986,0.7285067872973526,0.9994905183208589,0.9600121175394122,0.7886792452770667,0.5296052631404735,0.9129629292762064,0.8194467860694529,0.8636808339859335,0.9976169908552024
244,LSTM,gaussian,1024,0.5,0.9981283203922967,0.9880738950806858,0.9372197309332986,0.7285067872973526,0.99949256443202,0.9600121175394122,0.7886792452770667,0.5296052631404735,0.9129821834259084,0.8194472975972431,0.8636897337979953,0.9976189766961564
245,LSTM,gaussian,1024,1.0,0.9981160027381101,0.9875292283702357,0.937163375216004,0.6822033898016016,0.9994495960976363,0.9595577097841869,0.7879245282959403,0.5296052631404735,0.9012529990314878,0.8191342743295592,0.8582337575836001,0.9975633731494444
246,LSTM,gaussian,2048,0.25,0.9981283203922967,0.9880738950806858,0.9372197309332986,0.7285067872973526,0.99949256443202,0.9600121175394122,0.7886792452770667,0.5296052631404735,0.9129821834259084,0.8194472975972431,0.8636897337979953,0.9976189766961564
247,LSTM,gaussian,2048,0.5,0.9981262809025523,0.9880729653874429,0.9372197309332986,0.7285067872973526,0.99949256443202,0.9599363829135413,0.7886792452770667,0.5296052631404735,0.9129814411301616,0.8194283639407753,0.8636788848751081,0.9976169908552024
248,LSTM,gaussian,2048,1.0,0.9981180961098942,0.9879912663747754,0.9372197309332986,0.7061403508462218,0.9994782416538921,0.9595577097841869,0.7886792452770667,0.5296052631404735,0.9073673610660475,0.8193301149639048,0.8611044033729989,0.9975931607637545
249,LSTM,gaussian,4096,0.25,0.9981262809025523,0.9880729653874429,0.9372197309332986,0.7285067872973526,0.99949256443202,0.9599363829135413,0.7886792452770667,0.5296052631404735,0.9129814411301616,0.8194283639407753,0.8636788848751081,0.9976169908552024
250,LSTM,gaussian,4096,0.5,0.9981262809025523,0.9880729653874429,0.9372197309332986,0.7285067872973526,0.99949256443202,0.9599363829135413,0.7886792452770667,0.5296052631404735,0.9129814411301616,0.8194283639407753,0.8636788848751081,0.9976169908552024
251,LSTM,gaussian,4096,1.0,0.998116079729447,0.9880692451645445,0.937163375216004,0.7252252251925574,0.9994905183208589,0.9596334444100578,0.7879245282959403,0.5296052631404735,0.9121434813256383,0.8191634385418326,0.8631567028538658,0.9976050758094784
252,LSTM,max,128,0.25,0.9982240733095794,0.9857209374507327,0.9347442680693586,0.7309417040030968,0.999429134986025,0.9619812178120554,0.7999999999939623,0.5361842105086781,0.9124077457081918,0.8243986408251802,0.8661733477508493,0.9976428067876044
253,LSTM,max,128,0.5,0.998193503560862,0.9867879070482732,0.9352262644105127,0.7300884955429164,0.9994455038753141,0.9616025446827009,0.7954716981072041,0.5427631578768828,0.912574042640641,0.8248207261355254,0.8664812323581401,0.9976408209466504
254,LSTM,max,128,1.0,0.9980827170637977,0.9812461252317256,0.9251336898313269,0.5213114753927439,0.9991078955337281,0.9589518327772197,0.7833962264091819,0.5230263157722689,0.8564435018798986,0.8161205676230997,0.8357959679476484,0.9971999642548628
255,LSTM,max,256,0.25,0.998187413662017,0.9870937645770587,0.937722419920483,0.7309417040030968,0.9994618727646031,0.96152681005683,0.7954716981072041,0.5361842105086781,0.9134863255406639,0.8231611478593288,0.8659747697485496,0.9976507501514204
256,LSTM,max,256,0.5,0.9981548156654515,0.987696620463333,0.9382826475765808,0.7354260089356311,0.9994823338762143,0.9606179945463793,0.7916981132015721,0.5394736841927804,0.9148900231602491,0.8228180314542365,0.8664148175209679,0.9976388351056964
257,LSTM,max,256,1.0,0.9981095983356086,0.9848437742880577,0.9327956989163729,0.5985130111301667,0.9992981838717129,0.9596334444100578,0.7856603773525611,0.5296052631404735,0.8785655206675514,0.8185493171937014,0.8474962174288241,0.9974124492369406
258,LSTM,max,512,0.25,0.9981548156654515,0.9876975784466341,0.9382826475765808,0.7342342342011606,0.9994823338762143,0.9606937291722503,0.7916981132015721,0.5361842105086781,0.9145923189724567,0.8220145966896787,0.8658358147788356,0.9976388351056964
259,LSTM,max,512,0.5,0.998138506555052,0.9877697281288558,0.9389587073524331,0.729729729696859,0.9994864260985367,0.9603150560428958,0.7894339622581931,0.5328947368245758,0.9136491679332999,0.8205325453060504,0.8645909102083134,0.9976249342190184
260,LSTM,max,512,1.0,0.9981118195193518,0.9867621865745313,0.9360936093525105,0.6428571428316326,0.9993943510962859,0.9597091790359287,0.7849056603714347,0.5328947368245758,0.8909561895695065,0.8192259818320563,0.8535867898836941,0.9975077696027325
261,LSTM,max,1024,0.25,0.9981364670111547,0.9877697281288558,0.9389587073524331,0.7285067872973526,0.9994864260985367,0.9603150560428958,0.7894339622581931,0.5296052631404735,0.913342922447449,0.8197101768850248,0.8639971671779341,0.9976229483780644
262,LSTM,max,1024,0.5,0.9981323879483648,0.9879217642008977,0.937275985654684,0.7285067872973526,0.9994864260985367,0.960163586791154,0.7894339622581931,0.5296052631404735,0.9129592312753247,0.8196723095720893,0.8638044266002252,0.9976189766961564
263,LSTM,max,1024,1.0,0.9981160027381101,0.9875292283702357,0.937163375216004,0.6822033898016016,0.9994495960976363,0.9595577097841869,0.7879245282959403,0.5296052631404735,0.9012529990314878,0.8191342743295592,0.8582337575836001,0.9975633731494444
264,LSTM,max,2048,0.25,0.9981323879483648,0.9879217642008977,0.937275985654684,0.7285067872973526,0.9994864260985367,0.960163586791154,0.7894339622581931,0.5296052631404735,0.9129592312753247,0.8196723095720893,0.8638044266002252,0.9976189766961564
265,LSTM,max,2048,0.5,0.9981303598903758,0.9880738950806858,0.937275985654684,0.7285067872973526,0.99949256443202,0.9600121175394122,0.7894339622581931,0.5296052631404735,0.9129967569807745,0.8196359768425246,0.8638010466207736,0.9976209625371104
266,LSTM,max,2048,1.0,0.9981180961098942,0.9879912663747754,0.9372197309332986,0.7061403508462218,0.9994782416538921,0.9595577097841869,0.7886792452770667,0.5296052631404735,0.9073673610660475,0.8193301149639048,0.8611044033729989,0.9975931607637545
267,LSTM,max,4096,0.25,0.9981303598903758,0.9880738950806858,0.937275985654684,0.7285067872973526,0.99949256443202,0.9600121175394122,0.7894339622581931,0.5296052631404735,0.9129967569807745,0.8196359768425246,0.8638010466207736,0.9976209625371104
268,LSTM,max,4096,0.5,0.9981283203922967,0.9880729653874429,0.937275985654684,0.7285067872973526,0.99949256443202,0.9599363829135413,0.7894339622581931,0.5296052631404735,0.912996014682944,0.819617043186057,0.8637901997535508,0.9976189766961564
269,LSTM,max,4096,1.0,0.998116079729447,0.9880692451645445,0.937163375216004,0.7252252251925574,0.9994905183208589,0.9596334444100578,0.7879245282959403,0.5296052631404735,0.9121434813256383,0.8191634385418326,0.8631567028538658,0.9976050758094784
270,LSTM,sum,128,0.25,0.9981711291795624,0.987088745429737,0.9407540394888623,0.7285067872973526,0.9994802877650533,0.9611481369274756,0.7909433962204457,0.5296052631404735,0.9136301753488786,0.820294271013362,0.8644501159363647,0.9976428067876044
271,LSTM,sum,128,0.5,0.9981731128807598,0.9864024864017199,0.9391226499468298,0.733031674174976,0.9994495960976363,0.9614510754309592,0.7916981132015721,0.5328947368245758,0.9141824808510713,0.8213733803886859,0.8652964356052459,0.9976249342190184
272,LSTM,sum,128,1.0,0.9980827170637977,0.9812461252317256,0.9251336898313269,0.5213114753927439,0.9991078955337281,0.9589518327772197,0.7833962264091819,0.5230263157722689,0.8564435018798986,0.8161205676230997,0.8357959679476484,0.9971999642548628
273,LSTM,sum,256,0.25,0.9981548156654515,0.98746886674892,0.9398023360203074,0.729729729696859,0.9994823338762143,0.9608451984239921,0.7894339622581931,0.5328947368245758,0.9137889370328844,0.8206640578457438,0.8647264987527666,0.9976348634237884
274,LSTM,sum,256,0.5,0.9981405271094597,0.9872343737829943,0.9398023360203074,0.7351598173180292,0.9994761955427309,0.9605422599205085,0.7894339622581931,0.5296052631404735,0.9150842635576976,0.8197644202154765,0.864805701449561,0.9976189766961564
275,LSTM,sum,256,1.0,0.9981095983356086,0.9848437742880577,0.9327956989163729,0.5985130111301667,0.9992981838717129,0.9596334444100578,0.7856603773525611,0.5296052631404735,0.8785655206675514,0.8185493171937014,0.8474962174288241,0.9974124492369406
276,LSTM,sum,512,0.25,0.9981364822424126,0.9879227053132398,0.9389038634237297,0.733031674174976,0.9994946105431811,0.960239321417025,0.7886792452770667,0.5328947368245758,0.9144986812885895,0.8203269785154621,0.8648568592630714,0.9976289059009263
277,LSTM,sum,512,0.5,0.9981364632033013,0.9875389408091997,0.9389587073524331,0.7351598173180292,0.9994843799873755,0.9603150560428958,0.7894339622581931,0.5296052631404735,0.9149484821707408,0.8197096653572344,0.8647145962269425,0.9976209625371104
278,LSTM,sum,512,1.0,0.9981118195193518,0.9867621865745313,0.9360936093525105,0.6428571428316326,0.9993943510962859,0.9597091790359287,0.7849056603714347,0.5328947368245758,0.8909561895695065,0.8192259818320563,0.8535867898836941,0.9975077696027325
279,LSTM,sum,1024,0.25,0.9981283165678516,0.98784289276731,0.9389038634237297,0.7285067872973526,0.9994905183208589,0.9600121175394122,0.7886792452770667,0.5296052631404735,0.913345465014061,0.8194467860694529,0.8638519719713942,0.9976169908552024
280,LSTM,sum,1024,0.5,0.9981303407887918,0.9876908694289593,0.9372197309332986,0.7318181817849173,0.9994823338762143,0.960163586791154,0.7886792452770667,0.5296052631404735,0.9137147807339918,0.8194826072712271,0.8640370354582017,0.9976130191732944
281,LSTM,sum,1024,1.0,0.9981160027381101,0.9875292283702357,0.937163375216004,0.6822033898016016,0.9994495960976363,0.9595577097841869,0.7879245282959403,0.5296052631404735,0.9012529990314878,0.8191342743295592,0.8582337575836001,0.9975633731494444
282,LSTM,sum,2048,0.25,0.9981283165678516,0.9879968823063227,0.9372197309332986,0.7285067872973526,0.9994905183208589,0.9600121175394122,0.7886792452770667,0.5296052631404735,0.9129629292762064,0.8194467860694529,0.8636808339859335,0.9976169908552024
283,LSTM,sum,2048,0.5,0.9981283165678516,0.9879968823063227,0.9372197309332986,0.7285067872973526,0.9994905183208589,0.9600121175394122,0.7886792452770667,0.5296052631404735,0.9129629292762064,0.8194467860694529,0.8636808339859335,0.9976169908552024
284,LSTM,sum,2048,1.0,0.9981180961098942,0.9879912663747754,0.9372197309332986,0.7061403508462218,0.9994782416538921,0.9595577097841869,0.7886792452770667,0.5296052631404735,0.9073673610660475,0.8193301149639048,0.8611044033729989,0.9975931607637545
285,LSTM,sum,4096,0.25,0.9981262809025523,0.9880729653874429,0.9372197309332986,0.7285067872973526,0.99949256443202,0.9599363829135413,0.7886792452770667,0.5296052631404735,0.9129814411301616,0.8194283639407753,0.8636788848751081,0.9976169908552024
286,LSTM,sum,4096,0.5,0.9981262809025523,0.9880729653874429,0.9372197309332986,0.7285067872973526,0.99949256443202,0.9599363829135413,0.7886792452770667,0.5296052631404735,0.9129814411301616,0.8194283639407753,0.8636788848751081,0.9976169908552024
287,LSTM,sum,4096,1.0,0.998116079729447,0.9880692451645445,0.937163375216004,0.7252252251925574,0.9994905183208589,0.9596334444100578,0.7879245282959403,0.5296052631404735,0.9121434813256383,0.8191634385418326,0.8631567028538658,0.9976050758094784
288,LSTM,asymmetric-max,128,0.25,0.9983281595635412,0.9631172372001188,0.8188679245221219,0.4504249291657103,0.9982280677344434,0.9631172372001188,0.8188679245221219,0.5230263157722689,0.807684562612873,0.8258098863072383,0.8166466597803972,0.9965486084219515
289,LSTM,asymmetric-max,128,0.5,0.9982149356517837,0.9761483419243085,0.8651502843146617,0.5663082437073008,0.998880777194843,0.9608451984239921,0.8037735848995943,0.5197368420881665,0.8514554513995136,0.8208091006516489,0.8358514545700172,0.9970808137976229
290,LSTM,asymmetric-max,128,1.0,0.9979789351501596,0.9826914080765766,0.902862098864676,0.6333333333069444,0.9992327083145568,0.954559224476708,0.7856603773525611,0.4999999999835526,0.8792164438495891,0.8098630775318447,0.8431159359918098,0.9971979784139088
291,LSTM,asymmetric-max,256,0.25,0.9982149539016242,0.9765204003071773,0.8644480519410354,0.5678571428368623,0.9988910077506487,0.9606937291722503,0.8037735848995943,0.5230263157722689,0.8517601372466748,0.8215961593986906,0.8364062748760164,0.997088757161439
292,LSTM,asymmetric-max,256,0.5,0.9981175691501878,0.9823744079501651,0.8973706530882327,0.6422764227381188,0.9991979244248177,0.9581944865185108,0.7984905660317095,0.5197368420881665,0.8800347632316761,0.8189049547658012,0.8483700935359355,0.9973052138254247
293,LSTM,asymmetric-max,256,1.0,0.9979914673117741,0.9853814884294986,0.9198237885381514,0.690265486695121,0.999380028318158,0.954634959102579,0.7879245282959403,0.5131578947199619,0.8983655577436362,0.8137743526091598,0.8539802634921961,0.9973568456902286
294,LSTM,asymmetric-max,512,0.25,0.9981196168923604,0.9825269860984837,0.8966101694839271,0.6422764227381188,0.9992020166471399,0.9581944865185108,0.7984905660317095,0.5197368420881665,0.8798832988032226,0.8189059778213816,0.8483002557743115,0.9973091855073327
295,LSTM,asymmetric-max,512,0.5,0.9980709537539567,0.985185185184417,0.9131944444365175,0.6916299559166682,0.9993554749842245,0.9569069978787057,0.7939622641449513,0.5164473684040642,0.8970201348228899,0.8166680263529864,0.8549602844046422,0.9974104633959866
296,LSTM,asymmetric-max,512,1.0,0.9980017938905359,0.9870140029719259,0.9234875444757698,0.7077625570453077,0.9994455038753141,0.9555437746130296,0.7833962264091819,0.5098684210358596,0.9040664745958849,0.8120634814833463,0.8555987988835274,0.9974303218055266
297,LSTM,asymmetric-max,1024,0.25,0.9980709537539567,0.985185185184417,0.9131944444365175,0.6916299559166682,0.9993554749842245,0.9569069978787057,0.7939622641449513,0.5164473684040642,0.8970201348228899,0.8166680263529864,0.8549602844046422,0.9974104633959866
298,LSTM,asymmetric-max,1024,0.5,0.998036439273646,0.9870251680467508,0.9198237885381514,0.7077625570453077,0.9994352733195084,0.9563768554976094,0.7879245282959403,0.5098684210358596,0.903161988225964,0.8134012695372294,0.8559347873941724,0.9974541518969746
299,LSTM,asymmetric-max,1024,1.0,0.9980018592107344,0.9877838684408866,0.9253333333251083,0.7209302325246079,0.9994782416538921,0.955316570735417,0.7856603773525611,0.5098684210358596,0.9080123233753343,0.8125809026944324,0.8576500917455429,0.9974620952607905
300,LSTM,asymmetric-max,2048,0.25,0.998036439273646,0.9870251680467508,0.9198237885381514,0.7077625570453077,0.9994352733195084,0.9563768554976094,0.7879245282959403,0.5098684210358596,0.903161988225964,0.8134012695372294,0.8559347873941724,0.9974541518969746
301,LSTM,asymmetric-max,2048,0.5,0.9980242847481525,0.9877915166685022,0.9238938053015585,0.724299065386715,0.9994761955427309,0.9559224477423841,0.7879245282959403,0.5098684210358596,0.9085021680262321,0.8132978981542287,0.8582679417268797,0.9974819536703305
302,LSTM,asymmetric-max,2048,1.0,0.9980080128957977,0.9881726325675662,0.9262222222139892,0.7311320754372107,0.9994966566543423,0.9554680399871588,0.7864150943336875,0.5098684210358596,0.9108837357786409,0.812812053002762,0.8590579380056333,0.9974859253522386
303,LSTM,asymmetric-max,4096,0.25,0.9980242847481525,0.9877915166685022,0.9238938053015585,0.724299065386715,0.9994761955427309,0.9559224477423841,0.7879245282959403,0.5098684210358596,0.9085021680262321,0.8132978981542287,0.8582679417268797,0.9974819536703305
304,LSTM,asymmetric-max,4096,0.5,0.9980202429645891,0.9881763370127725,0.9247121346242276,0.7345971563632893,0.9994946105431811,0.9557709784906423,0.7879245282959403,0.5098684210358596,0.9113764677412197,0.8132646345914057,0.8595298403970998,0.9974958545570085
305,LSTM,asymmetric-max,4096,1.0,0.9980080291746908,0.9883265434025474,0.9254658385011051,0.7416267942228887,0.9995048410989867,0.9553923053612879,0.7871698113148139,0.5098684210358596,0.9133568013253079,0.812983844702737,0.8602523741001207,0.9974938687160545
306,LSTM,gaussian,128,0.25,0.9980548881151825,0.9876514263376415,0.9264184397080992,0.7428571428217687,0.9994843799873755,0.9570584671304475,0.7886792452770667,0.5131578947199619,0.913745474245673,0.8145949967787128,0.8613262257313469,0.9975236563303645
307,LSTM,gaussian,128,0.5,0.9980651000855892,0.9878096428842792,0.9273049645307864,0.746411483217875,0.99949256443202,0.957361405633931,0.7894339622581931,0.5131578947199619,0.9148977976796324,0.8148614567610264,0.8619869452709682,0.9975415288989505
308,LSTM,gaussian,128,1.0,0.9979789351501596,0.9826914080765766,0.902862098864676,0.6333333333069444,0.9992327083145568,0.954559224476708,0.7856603773525611,0.4999999999835526,0.8792164438495891,0.8098630775318447,0.8431159359918098,0.9971979784139088
309,LSTM,gaussian,256,0.25,0.9980263682110233,0.9881800391381697,0.9255319148854121,0.7416267942228887,0.9994987027655033,0.9560739169941259,0.7879245282959403,0.5098684210358596,0.9133412791143734,0.8133413922728573,0.8604456112090481,0.9975077696027325
310,LSTM,gaussian,256,0.5,0.9980243372233459,0.9884112442244237,0.9247121346242276,0.7416267942228887,0.9995027949878256,0.9559981823682551,0.7879245282959403,0.5098684210358596,0.9131936275737216,0.8133234816719701,0.8603700621785989,0.9975097554436865
311,LSTM,gaussian,256,1.0,0.9979914673117741,0.9853814884294986,0.9198237885381514,0.690265486695121,0.999380028318158,0.954634959102579,0.7879245282959403,0.5131578947199619,0.8983655577436362,0.8137743526091598,0.8539802634921961,0.9973568456902286
312,LSTM,gaussian,512,0.25,0.9980100681561668,0.9884048887488338,0.9255319148854121,0.7416267942228887,0.9995048410989867,0.9554680399871588,0.7879245282959403,0.5098684210358596,0.9133934165033253,0.8131914576044863,0.8603848331690838,0.9974978403979625
313,LSTM,gaussian,512,0.5,0.9980080251049924,0.9884030716180939,0.9247121346242276,0.7380952380600907,0.9995027949878256,0.955316570735417,0.7879245282959403,0.5098684210358596,0.9123046173518512,0.8131530787637605,0.8598800257354394,0.9974918828751005
314,LSTM,gaussian,512,1.0,0.9980017938905359,0.9870140029719259,0.9234875444757698,0.7077625570453077,0.9994455038753141,0.9555437746130296,0.7833962264091819,0.5098684210358596,0.9040664745958849,0.8120634814833463,0.8555987988835274,0.9974303218055266
315,LSTM,gaussian,1024,0.25,0.9980059942753853,0.9884796238236767,0.9247121346242276,0.7416267942228887,0.9995068872101479,0.9552408361095461,0.7879245282959403,0.5098684210358596,0.9132061367365445,0.8131351681628735,0.8602702364287701,0.9974938687160545
316,LSTM,gaussian,1024,0.5,0.9980059902015462,0.9884021628391282,0.9247121346242276,0.7416267942228887,0.9995048410989867,0.9552408361095461,0.7879245282959403,0.5098684210358596,0.9131867704719476,0.8131346566350831,0.8602613569993806,0.9974918828751005
317,LSTM,gaussian,1024,1.0,0.9980018592107344,0.9877838684408866,0.9253333333251083,0.7209302325246079,0.9994782416538921,0.955316570735417,0.7856603773525611,0.5098684210358596,0.9080123233753343,0.8125809026944324,0.8576500917455429,0.9974620952607905
318,LSTM,gaussian,2048,0.25,0.9980059902015462,0.9884021628391282,0.9247121346242276,0.7416267942228887,0.9995048410989867,0.9552408361095461,0.7879245282959403,0.5098684210358596,0.9131867704719476,0.8131346566350831,0.8602613569993806,0.9974918828751005
319,LSTM,gaussian,2048,0.5,0.9980059902015462,0.9884021628391282,0.9247121346242276,0.7416267942228887,0.9995048410989867,0.9552408361095461,0.7879245282959403,0.5098684210358596,0.9131867704719476,0.8131346566350831,0.8602613569993806,0.9974918828751005
320,LSTM,gaussian,2048,1.0,0.9980080128957977,0.9881726325675662,0.9262222222139892,0.7311320754372107,0.9994966566543423,0.9554680399871588,0.7864150943336875,0.5098684210358596,0.9108837357786409,0.812812053002762,0.8590579380056333,0.9974859253522386
321,LSTM,gaussian,4096,0.25,0.9980059902015462,0.9884021628391282,0.9247121346242276,0.7416267942228887,0.9995048410989867,0.9552408361095461,0.7879245282959403,0.5098684210358596,0.9131867704719476,0.8131346566350831,0.8602613569993806,0.9974918828751005
322,LSTM,gaussian,4096,0.5,0.9980059902015462,0.9884021628391282,0.9247121346242276,0.7416267942228887,0.9995048410989867,0.9552408361095461,0.7879245282959403,0.5098684210358596,0.9131867704719476,0.8131346566350831,0.8602613569993806,0.9974918828751005
323,LSTM,gaussian,4096,1.0,0.9980080291746908,0.9883265434025474,0.9254658385011051,0.7416267942228887,0.9995048410989867,0.9553923053612879,0.7871698113148139,0.5098684210358596,0.9133568013253079,0.812983844702737,0.8602523741001207,0.9974938687160545
324,LSTM,max,128,0.25,0.9981464981689568,0.9855309218195367,0.91247833621393,0.7264150943053578,0.999396397207447,0.959481975158316,0.7947169811260777,0.5065789473517572,0.9056427126269453,0.8150435752108995,0.8579579848932162,0.9975137271255945
325,LSTM,max,128,0.5,0.9981119082599723,0.9866687456139497,0.9194395796767125,0.7323943661627984,0.9994414116529918,0.9584974250219944,0.7924528301826985,0.5131578947199619,0.9091536499283582,0.8158873903944116,0.8599992432282254,0.9975296138532265
326,LSTM,max,128,1.0,0.9979789351501596,0.9826914080765766,0.902862098864676,0.6333333333069444,0.9992327083145568,0.954559224476708,0.7856603773525611,0.4999999999835526,0.8792164438495891,0.8098630775318447,0.8431159359918098,0.9971979784139088
327,LSTM,max,256,0.25,0.9980976395200372,0.9868174726981381,0.9209138839989376,0.7255813953150893,0.9994455038753141,0.95811875189264,0.7909433962204457,0.5131578947199619,0.9078525978830505,0.8154163866770904,0.8591553464236269,0.9975196846484565
328,LSTM,max,256,0.5,0.9980569193897174,0.9877247849874997,0.9250440917026012,0.7358490565690637,0.9994802877650533,0.9567555286269639,0.7916981132015721,0.5131578947199619,0.9116687131622205,0.8152729560783878,0.860780483415952,0.9975196846484565
329,LSTM,max,256,1.0,0.9979914673117741,0.9853814884294986,0.9198237885381514,0.690265486695121,0.999380028318158,0.954634959102579,0.7879245282959403,0.5131578947199619,0.8983655577436362,0.8137743526091598,0.8539802634921961,0.9973568456902286
330,LSTM,max,512,0.25,0.9980487625476623,0.9877991553253653,0.9241622574874413,0.7358490565690637,0.9994802877650533,0.9565283247493512,0.7909433962204457,0.5131578947199619,0.9114648079823832,0.815027475863703,0.8605527686817489,0.9975117412846405
331,LSTM,max,512,0.5,0.9980243130043722,0.9880989664884214,0.9240282685430741,0.7393364928559556,0.9994905183208589,0.9557709784906423,0.7894339622581931,0.5131578947199619,0.9123720102229558,0.814463338447414,0.8606420405062062,0.9974978403979625
332,LSTM,max,512,1.0,0.9980017938905359,0.9870140029719259,0.9234875444757698,0.7077625570453077,0.9994455038753141,0.9555437746130296,0.7833962264091819,0.5098684210358596,0.9040664745958849,0.8120634814833463,0.8555987988835274,0.9974303218055266
333,LSTM,max,1024,0.25,0.9980243130043722,0.9880980346088888,0.9232127096123283,0.7393364928559556,0.9994905183208589,0.9556952438647714,0.7894339622581931,0.5131578947199619,0.9121678875203862,0.8144444047909463,0.8605406450845484,0.9974958545570085
334,LSTM,max,1024,0.5,0.998012090900341,0.9882500391657619,0.9238938053015585,0.7380952380600907,0.9994966566543423,0.9554680399871588,0.7879245282959403,0.5098684210358596,0.9120627933569381,0.8131894114933252,0.8597929042383615,0.9974898970341466
335,LSTM,max,1024,1.0,0.9980018592107344,0.9877838684408866,0.9253333333251083,0.7209302325246079,0.9994782416538921,0.955316570735417,0.7856603773525611,0.5098684210358596,0.9080123233753343,0.8125809026944324,0.8576500917455429,0.9974620952607905
336,LSTM,max,2048,0.25,0.998012090900341,0.9882500391657619,0.9238938053015585,0.7380952380600907,0.9994966566543423,0.9554680399871588,0.7879245282959403,0.5098684210358596,0.9120627933569381,0.8131894114933252,0.8597929042383615,0.9974898970341466
337,LSTM,max,2048,0.5,0.9980080210352774,0.9882481980562611,0.9247121346242276,0.7416267942228887,0.9995007488766645,0.955316570735417,0.7879245282959403,0.5098684210358596,0.9131487869846637,0.8131525672359703,0.8602545254202681,0.9974898970341466
338,LSTM,max,2048,1.0,0.9980080128957977,0.9881726325675662,0.9262222222139892,0.7311320754372107,0.9994966566543423,0.9554680399871588,0.7864150943336875,0.5098684210358596,0.9108837357786409,0.812812053002762,0.8590579380056333,0.9974859253522386
339,LSTM,max,4096,0.25,0.9980080210352774,0.9882481980562611,0.9247121346242276,0.7416267942228887,0.9995007488766645,0.955316570735417,0.7879245282959403,0.5098684210358596,0.9131487869846637,0.8131525672359703,0.8602545254202681,0.9974898970341466
340,LSTM,max,4096,0.5,0.9980080291746908,0.9884030716180939,0.9247121346242276,0.7416267942228887,0.9995048410989867,0.955316570735417,0.7879245282959403,0.5098684210358596,0.9131875074099753,0.8131535902915509,0.8602722798491086,0.9974938687160545
341,LSTM,max,4096,1.0,0.9980080291746908,0.9883265434025474,0.9254658385011051,0.7416267942228887,0.9995048410989867,0.9553923053612879,0.7871698113148139,0.5098684210358596,0.9133568013253079,0.812983844702737,0.8602523741001207,0.9974938687160545
342,LSTM,sum,128,0.25,0.9980773474341272,0.9874297314170928,0.932263814608447,0.7439613526210647,0.9994987027655033,0.9578158133891564,0.7894339622581931,0.5065789473517572,0.9154330615201829,0.8133318564411525,0.8613673951054036,0.9975554297856285
343,LSTM,sum,128,0.5,0.9980834300472196,0.9870514820585123,0.9303571428488362,0.7416267942228887,0.9994802877650533,0.9583459557702526,0.7864150943336875,0.5098684210358596,0.9142797122943642,0.8135274397262132,0.8609660266330054,0.9975455005808584
344,LSTM,sum,128,1.0,0.9979789351501596,0.9826914080765766,0.902862098864676,0.6333333333069444,0.9992327083145568,0.954559224476708,0.7856603773525611,0.4999999999835526,0.8792164438495891,0.8098630775318447,0.8431159359918098,0.9971979784139088
345,LSTM,sum,256,0.25,0.9980406498749408,0.987797246557425,0.9305431878812953,0.7428571428217687,0.9995027949878256,0.9563768554976094,0.7886792452770667,0.5131578947199619,0.9148095567838574,0.8144291976206158,0.8617058889074033,0.9975236563303645
346,LSTM,sum,256,0.5,0.9980283871389344,0.9878716744906197,0.9263531499474149,0.7393364928559556,0.9994884722096977,0.9561496516199968,0.7879245282959403,0.5131578947199619,0.9128974261082312,0.8141801367113991,0.8607175067172361,0.9975018120798705
347,LSTM,sum,256,1.0,0.9979914673117741,0.9853814884294986,0.9198237885381514,0.690265486695121,0.999380028318158,0.954634959102579,0.7879245282959403,0.5131578947199619,0.8983655577436362,0.8137743526091598,0.8539802634921961,0.9973568456902286
348,LSTM,sum,512,0.25,0.9980182160675481,0.9883320281902989,0.9263531499474149,0.7380952380600907,0.9995007488766645,0.9558467131165133,0.7879245282959403,0.5098684210358596,0.9126996580663381,0.8132851028312443,0.8601292986826353,0.9975037979208246
349,LSTM,sum,512,0.5,0.998012090900341,0.9881717060935389,0.9255978742167795,0.7393364928559556,0.9994966566543423,0.9553923053612879,0.7886792452770667,0.5131578947199619,0.9127795410166537,0.8141815255031647,0.8606658821178,0.9974918828751005
350,LSTM,sum,512,1.0,0.9980017938905359,0.9870140029719259,0.9234875444757698,0.7077625570453077,0.9994455038753141,0.9555437746130296,0.7833962264091819,0.5098684210358596,0.9040664745958849,0.8120634814833463,0.8555987988835274,0.9974303218055266
351,LSTM,sum,1024,0.25,0.9980080291746908,0.9884030716180939,0.9255319148854121,0.7380952380600907,0.9995048410989867,0.955316570735417,0.7879245282959403,0.5098684210358596,0.9125095634345719,0.8131535902915509,0.8599713354024645,0.9974938687160545
352,LSTM,sum,1024,0.5,0.9980018959514694,0.9881698527099747,0.9246453900627248,0.7416267942228887,0.9994966566543423,0.9552408361095461,0.7871698113148139,0.5098684210358596,0.9131109832367643,0.8129439312786405,0.8601209867230676,0.9974819536703305
353,LSTM,sum,1024,1.0,0.9980018592107344,0.9877838684408866,0.9253333333251083,0.7209302325246079,0.9994782416538921,0.955316570735417,0.7856603773525611,0.5098684210358596,0.9080123233753343,0.8125809026944324,0.8576500917455429,0.9974620952607905
354,LSTM,sum,2048,0.25,0.9980019041158936,0.9882463563697004,0.9255319148854121,0.7416267942228887,0.9995007488766645,0.9551651014836752,0.7879245282959403,0.5098684210358596,0.9133517423984736,0.8131146999230349,0.8603233812575877,0.9974859253522386
355,LSTM,sum,2048,0.5,0.9979998610730674,0.9881689258003696,0.9254658385011051,0.7416267942228887,0.9994987027655033,0.9551651014836752,0.7871698113148139,0.5098684210358596,0.9133153548993578,0.812925509149963,0.860201332337154,0.9974819536703305
356,LSTM,sum,2048,1.0,0.9980080128957977,0.9881726325675662,0.9262222222139892,0.7311320754372107,0.9994966566543423,0.9554680399871588,0.7864150943336875,0.5098684210358596,0.9108837357786409,0.812812053002762,0.8590579380056333,0.9974859253522386
357,LSTM,sum,4096,0.25,0.9980019041158936,0.9882463563697004,0.9255319148854121,0.7416267942228887,0.9995007488766645,0.9551651014836752,0.7879245282959403,0.5098684210358596,0.9133517423984736,0.8131146999230349,0.8603233812575877,0.9974859253522386
358,LSTM,sum,4096,0.5,0.9980019081980808,0.9883247139938972,0.9254658385011051,0.7416267942228887,0.9995027949878256,0.9552408361095461,0.7871698113148139,0.5098684210358596,0.9133548137289929,0.8129454658620113,0.8602300063567062,0.9974879111931926
359,LSTM,sum,4096,1.0,0.9980080291746908,0.9883265434025474,0.9254658385011051,0.7416267942228887,0.9995048410989867,0.9553923053612879,0.7871698113148139,0.5098684210358596,0.9133568013253079,0.812983844702737,0.8602523741001207,0.9974938687160545
